business_id,name_x,city,stars_x,topic_selected,Predicted_Star_Rating
--onnLZrsCazmcy2P_7fcw,Sizzler,Goleta,3.0,3,4.0
-3AooxIkg38UyUdlz5oXdw,Chase Restaurant,Santa Barbara,3.0,3,4.0
-8iATYRnN46Km0_-ldx6cg,Pace food+drink,Santa Barbara,4.0,6,4.0
-9r8nAzWyRSLxBWt8uQOdA,Hana Kitchen,Isla Vista,3.0,5,3.0
-ALqLSTzkGDMscHdxA1NgA,Su Casa Fresh Mexican Grill,Santa Barbara,4.5,9,4.0
-BdYhP-12elmFV7oB1iv4A,Corner Tap Room,Santa Barbara,5.0,6,5.0
-FM4CxOg4XXmX_Ebky_SiQ,Finch & Fork,Santa Barbara,4.0,7,5.0
-FRHYI6doGCjIsXiKHkUqw,Deja Vu Cafe IV,Goleta,2.5,3,4.0
-Fka99c-tJ-epWYNIobqyQ,Pizza Mizza,Santa Barbara,3.5,1,4.0
-H-fZonTLitwHFY_PLAIjA,Taffy's Pizza,Santa Barbara,4.0,1,4.0
-I7M6l0h46VdiN09Y1NUZw,Apna Indian Kitchen,Santa Barbara,4.5,5,4.0
-Lwq2vdrQolANLzEbYMPpQ,Le Crepe Shoppe,Santa Barbara,4.0,10,4.0
-M7wzxpUsdSkQd9PDGsJWA,Tyler's Donuts,Carpinteria,4.0,10,4.0
-NXRuUsazxXZZ_OHwmtYtw,Uptown Bar & Lounge,Santa Barbara,4.0,6,4.0
-SS3ep20HKhuOhzDkkt9aA,Tinker's Burgers,Summerland,4.0,1,4.0
-TArOdux8Z4oH-jIM1FJuQ,Bistro 1111,Santa Barbara,3.5,8,4.0
-TjT3y-Glfnbt6LbKETAYg,Benchmark Eatery,Santa Barbara,4.0,6,4.0
-VvMsFD0W2nQuO9buaeC1g,Los Tarascos,Goleta,4.5,9,4.0
-fxH1XplVLVtWg2ZJWwRdA,Sam's To Go,Santa Barbara,4.5,1,4.0
-ipZBVF9nWm1vzrvQ3444A,Habit Burger Grill,Santa Barbara,4.0,1,4.0
-jrT-2bTSDaqJtzHRpY9ag,Dumpling King,Isla Vista,3.5,5,4.0
-kOUmMiIimNSBIDdFN0x-Q,Beachside Bar-Cafe,Goleta,3.5,8,4.0
-kfHz1kimX62QEceFkkB_g,Edomasa,Santa Barbara,3.5,5,4.0
-loV4cB2Uh9TCltTRgGzWQ,Renaud's Patisserie & Bistro,Santa Barbara,4.0,10,4.0
-nwNPb3G-0L95igrhkvMtw,Panda Express,Santa Barbara,2.5,3,2.0
-r6nmLB5Vi2TLQCxh0_dtw,South Coast Deli- Carrillo,Santa Barbara,4.0,1,4.0
-veGIq3SvwFMi5ZwMSIqkg,Red Sand Market and Deli,Santa Barbara,4.5,1,4.0
-wG5DQxGlSog4ynKrRdQMQ,Goodland Kitchen,Goleta,3.5,1,4.0
035gK3ASKDns-ojUSnV4IA,Rosewood Miramar Beach,Montecito,3.5,3,3.0
04Ss49U_QKYLotcJMAH8cA,Ike’s Love & Sandwiches,Santa Barbara,4.0,1,4.0
06pNHtxgPhGhZpM0Z2uzNw,Hollister Brewing Company,Goleta,3.5,6,5.0
07yUvKzFb-yPzJKoT0zamQ,Piranha Restaurant & Sushi Bar,Santa Barbara,3.0,5,5.0
0CHIbqSkGWBr2KMkIUocEA,Viva Modern Mexican,Santa Barbara,3.5,7,4.0
0LXeNx7wGTqbMSwKkGC3xg,Altamirano Mexican Restaurant,Santa Barbara,4.0,9,4.0
0Qs-G8Xs-mz-jmQH5lez5A,Museum Cafe,Santa Barbara,4.5,7,5.0
0RxU5OglQyPVtLKC1LPgsA,Bree'osh,Santa Barbara,4.5,10,4.0
0WrdiQ4qJBu2Gc7wRcIfdw,Tupelo Junction Cafe,Santa Barbara,4.0,10,4.0
0YI4tyK4MrTAveuj2js4OA,Firehouse Subs,Isla Vista,4.5,1,4.0
0ac5lGA_0wdKDnib3y59Xg,Flor De Maiz,Santa Barbara,4.0,9,4.0
0c28ysQJ_M1fVToTFV-FWQ,Wingman Rodeo - Montecito Street,Santa Barbara,4.0,1,4.0
0cWnURpfrb4MqKSzyVN4SQ,Alcazar Tapas Bar,Santa Barbara,4.0,7,5.0
0iLgVQpBeIYYwQZIblTTVw,Cafe 154,Santa Barbara,4.0,10,4.0
0it-2gWk_gyuZyEMQzBBuQ,Corktree Cellars Wine Bar & Bistro,Carpinteria,4.0,6,4.0
0jpFptAehZhLl3nkhHDanA,Belmond El Encanto,Santa Barbara,4.0,8,4.0
0m0SQSIzM9WcDhJ7UEVCLQ,Ty Lounge,Santa Barbara,4.0,7,5.0
0mUVD5sDXZjd66XwATN8XA,Phresh Teas,Goleta,4.0,5,4.0
0nR7jHCkFEzmA1n2b5g1nw,Basil's Italian,Santa Barbara,4.5,7,5.0
0qu0fNTOsSmuREYVIMPuIQ,Cold Spring Tavern,Santa Barbara,4.5,6,4.0
0t1pU_Ky3Jvgq5Ya_OC1pA,Les Marchands Restaurant & Wine Shop,Santa Barbara,4.5,7,5.0
0yD-SZAfjpH36-o7_pospw,Rincon Brewery,Isla Vista,4.0,6,4.0
11RNOheZvab_FDcLtsZUug,Chilitos Restaurant,Goleta,3.0,9,4.0
12Gc4OFQ-WAW0fAk2hRZuQ,Kin Bakeshop,Santa Barbara,5.0,7,4.0
18eWJFJbXyR9j_5xfcRLYA,Siam Elephant,Carpinteria,4.5,5,4.0
1Du1NruqJwxnzgEUHc42Jw,SB Sunshine Cafe,Santa Barbara,4.5,10,4.0
1FURjeGJi_LBXcJQg8eskw,Padaro Beach Grill,Carpinteria,4.5,6,4.0
1J0NIfmrSuV72KzhmYFxMA,Pane E Vino,Montecito,4.0,7,5.0
1ONK4BD8Fuh1mfBCrB2aOQ,Crazy Jim's Tacos Y Más,Santa Barbara,4.0,9,4.0
1U8Kt44FIkC7RnJsNjaMTA,Teru Japanese Cuisine,Santa Barbara,4.5,7,5.0
1cYZIJM5P3yOsIjq8qxoSw,On the Side,Isla Vista,3.5,6,4.0
1hRWfuA-8THwYsDYgj-oIg,Holdren's Grill,Goleta,2.5,2,3.0
1kVnChI4aqsPw9i2PVqkkw,Fresco Cafe,Santa Barbara,4.0,1,4.0
1l4-uhraQzNiRjppKyMUUQ,Jeannine's American Bakery Restaurant,Goleta,4.5,10,4.0
1lwulkAD5htni3rbHW8oeg,Subway,Santa Barbara,3.0,3,3.0
1pYZMmpdy2MviWBbagMwbA,Italian & Greek Delicatessen,Santa Barbara,4.5,1,5.0
1wvYBjX6radqmb_k0Fv_Ug,Palihouse Santa Barbara,Santa Barbara,4.0,8,3.0
2-cH9tqCu3yHRJJoKTYjHw,European Deli,Goleta,4.5,1,4.0
22q2wGlAmJN8MkhZl2RzRw,Sakura Express,Santa Barbara,2.0,3,3.0
23OxrUaCvvVrwSa1z3xG-w,Recipes Bakery & Gifts: An Australian Coffee House,Santa Barbara,4.5,10,4.0
27zlxlmlQu9KBr5Vj4MGeg,Pickles & Swiss,Goleta,4.5,1,4.0
29YqJwOGEuAWqlHZxMc1OA,Paradise Cafe,Santa Barbara,3.5,2,4.0
29t8lDBLiwkEd1HA356dOw,Bagel Cafe,Goleta,4.0,10,4.0
2CqQ3Tnvj7h0rw84WEEjMw,Killer B's BBQ Bar and Grill,Santa Barbara,4.0,6,5.0
2DBo3WFKwpbtl9kJzuroIg,Mika,Goleta,2.5,5,4.0
2GiqDUNiTt5__ixRbzbqFw,Santa Barbara Harbor & Seafood Festival,Santa Barbara,4.5,8,4.0
2MWEEuY3dtD2DNP99sNe_A,Elubia's Kitchen,Goleta,4.5,1,5.0
2N9WHETHcYJsfYpHQ-qN_A,Crushcakes Cafe & Simply Pies,Goleta,3.5,10,4.0
2OJqIloZMAZXCW3uzF8jJw,El Sitio,Santa Barbara,4.0,9,4.0
2QaNH5-RCRNIkToUOBc22Q,La Salsa Fresh Mexican Grill,Santa Barbara,4.0,9,4.0
2QvkOHC-pWGiAmvQ9xX64Q,Nardonne's La Famiglia Pizzeria,Santa Barbara,4.5,1,4.0
2RtyOlU9mwyVisvgOECaDA,Uniboil,Goleta,4.0,5,4.0
2T7622XwGOhJf7O4ND_XBA,Angry Wings,Isla Vista,3.5,3,4.0
2WHu0k5VVM1Pn9AFzkSBlA,Here's the Scoop,Montecito,3.5,2,4.0
2Y0L3Hf6U-76jGvviKy5pA,El Taco Grande,Carpinteria,3.0,9,4.0
2YnQAJdeFrcgPa8MqIYcDg,Cody's Cafe,Santa Barbara,3.5,10,4.0
2YoQRByvTjdP4GSVnPcANA,Pastavino,Goleta,3.0,2,4.0
2aP9wvEqpGLLDVpWTWlAog,Reynaldo's  Bakery,Carpinteria,4.5,9,4.0
2bl6G1zgXUHbMGwEocqMSg,Daves Dogs - Cart,Santa Barbara,5.0,6,5.0
2bxZhBk8JZkJ1GqfTB0cUQ,California Pasta,Santa Barbara,3.5,2,3.0
2h3SEwpI6fiuTF9mcN1S_Q,El Zarape,Santa Barbara,4.0,9,4.0
2l-spLLGUzRiZg8dF623Nw,1114 Sports Bar & Games,Santa Barbara,4.0,6,4.0
2nF2syYoD5VBFk01le6NkA,Montecito Deli & Catering,Santa Barbara,4.5,1,4.0
2pBNVsJo3a3CPbInUu9lvQ,Char West,Santa Barbara,3.0,2,3.0
2rv-W-PBYciHvOhruq8rlg,Java Jones,Goleta,3.5,10,4.0
2swMZVA832zkmdPBrddPRQ,Backyard Bowls,Goleta,4.5,1,4.0
2xxkaRy7rP5EUyjFt2J5kA,Nikka Ramen,Goleta,4.5,5,3.0
3-dQbvti2EpSfs9jKcyIjQ,State & A Bar and Grill,Santa Barbara,3.0,3,4.0
304FY8qhcOpm9SIkrzmhoQ,Reunion Kitchen + Drink,Santa Barbara,4.5,7,5.0
34Eqv8jXgxg_EEwcsNgeeg,Backyard Bowls,Santa Barbara,4.0,1,4.0
3ESm27p4DACKCpzZmiRxgw,Mala Town,Goleta,4.0,2,3.0
3GcXSZQ65Np5N1N4a-DK_w,Restaurant OPEN,Santa Barbara,4.5,6,4.0
3VrqxApK-iwfRohlAuIt0g,Cajun Kitchen Cafe,Goleta,4.0,10,4.0
3Wy21heeDm8h2tSZfcj6OA,Lure Fish House,Santa Barbara,4.5,7,4.0
3XjwPkcbuhssRwZKnoYOyQ,The Pan,Santa Barbara,4.0,6,4.0
3bZADX_g9efvqGXaAY7Kbg,Petros Restaurant,Santa Barbara,4.0,7,4.0
3cnjGli5iwGsUF06Dne9Yg,Challwa,Santa Barbara,4.5,7,4.0
3czlT5lRF9uKmGZ2rknJqA,Santa Barbara Tamales To Go,Santa Barbara,4.5,9,3.0
3fH5YQKRJu55TFPnMhv1ZQ,Freeman's Flying Chicken,Santa Barbara,3.5,3,3.0
3fpAmsSuEFNF29UUPpgwlw,Spudnuts & Bagels,Santa Barbara,4.5,10,4.0
3lty2YUwjp61iUqNgKVEMw,Marmalade Cafe,Santa Barbara,3.5,3,4.0
3n7VGTZQKyWycuhU_j0lqA,Alchemy Wellness Spa,Santa Barbara,4.0,8,4.0
3rzlcCvPUJ56jvYWl7iGvA,Modern Times Kitchen,Santa Barbara,4.5,6,4.0
3tvi-OJ_-iK1ecjzSaH-oA,Hook And Press Donuts,Santa Barbara,4.5,10,4.0
3xJ_6qxRA0sdUm3ThCPiCw,Giannfranco's Trattoria,Carpinteria,4.0,7,4.0
425FOxIzHPcOB0niWc6-1w,Spudnuts Donuts,Santa Barbara,3.5,10,4.0
42cHjHD6Kkv7Ms3-lLsimw,Takenoya,Goleta,2.5,3,3.0
45D7B9CqiUTTPUFcqmLx5Q,Live Oak Cafe,Santa Barbara,4.5,10,4.0
45Ut-AN8h3c88-pYTrGBnA,PokeCeviche,Goleta,4.0,3,4.0
49Sy1N3MTnK6Eslh1tgZQQ,Matty's Hot Chicken,Santa Barbara,3.5,2,3.0
4D7QDfPOsSPfKxBi3gs_qQ,Olio Pizzeria,Santa Barbara,4.0,1,5.0
4F3wxihvRNXK9cuxlOOJBg,Blaze Pizza,Goleta,3.5,1,4.0
4FdsX3MbkcdBRAr1aymF6A,La Paloma Cafe,Santa Barbara,4.5,7,5.0
4IqrY1mXK65HgrrgkpE-cw,Sushi | Bar Montecito,Montecito,4.5,7,5.0
4KAuy-zNBxD9QvnkldwEww,The Marquee,Santa Barbara,4.0,7,4.0
4VW4_ghjdYw0Wl40Voa9cw,Delgado's Mexican Foods,Carpinteria,3.5,9,4.0
4WCyuH0Dc6DAD79AyC0-iw,Estilo Jalisco,Santa Barbara,5.0,9,4.0
4a_3ninzpidm2MwMcdRJ-g,Elephant Bar Restaurant,Goleta,3.0,3,3.0
4ejnTeRzv8z102DBIWjQLg,Ca' Dario Pizzeria,Santa Barbara,4.0,1,5.0
4h4Uskb7B8OTI7oDR7wImQ,Mesa Burger - Goleta,Goleta,4.0,1,4.0
4haTJpBzX-7ilN77LWAIDw,California Crisp Cafe,Santa Barbara,3.5,1,4.0
4lWMnL-wLekry77FwaruSQ,Fat Mo's Burgers,Isla Vista,2.0,3,4.0
4sOLSCiwSdHhzcXC9Sd0xQ,Northstar Coffee,Santa Barbara,4.0,10,4.0
4uspKB1d3pGdgjOClA-UkQ,Cajun Kitchen Cafe,Santa Barbara,4.0,10,4.0
4xBkP-W_WaOzBiP8yD7yvg,The Nugget Bar and Grill,Santa Barbara,4.0,6,4.0
4xhGQGdGqU60BIznBjqnuA,California Tacos and Taproom,Isla Vista,4.0,9,4.0
4yBeWUqxuru02oZccjDN7Q,Taqueria Altamirano,Santa Barbara,4.5,9,4.0
4z2Frpficc3NqHkGfpMXJQ,Senor Frog's,Carpinteria,3.0,3,3.0
52ov7d0148JvYG78_c-Bsw,goa taco,Santa Barbara,4.0,9,4.0
54oLdsGU9B8HxFTqCCqV-A,Via Maestra 42,Santa Barbara,4.5,7,4.0
5B-m3Nir02zheQnEGopV0w,Killer Shrimp,Santa Barbara,4.0,2,4.0
5YKOs_VGFHgUv7DSMLaQeA,Finestra Cafe,Santa Barbara,3.0,3,3.0
5Z3uvoIoOFUzTmrBmIJv2g,Nona's Italian Deli,Santa Barbara,3.0,3,4.0
5Z7HXqp22lSiN0Q8iF94hQ,Zodo's Bowlero Bowling & Beyond,Goleta,3.5,6,4.0
5ZXMarIwfGjOxo9KD5oFQQ,Gaucho Cafe,Goleta,4.0,1,4.0
5bDjg02rlg6ODEUT-UQT-A,Rodney's Grill,Santa Barbara,3.5,7,4.0
5dGu7C1UEPLs_FIj_Qin0g,Santa Barbara Organic Kitchen,Santa Barbara,3.5,7,5.0
5kZFpY6mXiNZzZcotXbfVA,Lovin Oven Mediterranean,Goleta,4.0,1,4.0
5lGOPqwxBNR9hfA9mFr2vA,Mac N Cheese After Dark,Santa Barbara,4.5,6,4.0
5p_14QRkLFd6QyhpPzfW3A,Left At Albuquerque,Santa Barbara,3.0,3,4.0
5pyYBpuNOAqgN9nSpk8vaQ,Madison's Sports Grill,Santa Barbara,3.0,3,4.0
5t5fKwgnfaT-ScmfTcxwHg,JJ’s Diner,Santa Barbara,4.5,10,3.0
5tVPbd0gJZHyEEWpXW7vCg,Wing's Restaurant,Santa Barbara,3.5,3,4.0
5tkZfqkwx6axbN9P5UlC8w,Taco Bell,Carpinteria,2.5,3,2.0
5uNCvNy9L6peKeKP1RRPyg,Saigon Vietnamese Restaurant,Santa Barbara,3.5,5,3.0
5vIfUavd23X3lBzjnnc4QA,Winchell's Donuts,Santa Barbara,3.0,10,4.0
5vObJIHLO-QOMrw_MvC4rA,The Worker Bee Cafe,Carpinteria,4.0,10,4.0
64Rl3pT4Md4-8ckeaNVZCQ,Bucatini,Santa Barbara,3.5,2,4.0
69_5ZefofuhXv2ymn-xc9A,South Coast Deli- Isla Vista,Isla Vista,4.0,1,4.0
6E9KjyDAdL_vDQCWwhj_KA,Crushcakes & Cafe,Carpinteria,3.5,10,4.0
6EPPtwJR1kdIfHiCjzCzuw,The Harbor Restaurant,Santa Barbara,3.5,8,4.0
6EizP0XyqITuGZ8GZMI9Lw,Toma Restaurant & Bar,Santa Barbara,4.5,7,5.0
6HKIfenWg3zt2CYx4D5r_Q,Tepeyac Taquitos,Santa Barbara,3.5,9,4.0
6HTGlttrzCMsuGBHO1ZGiw,Barbareño,Santa Barbara,4.5,7,4.0
6MXO883UaicdJuobFkKJUw,Lucky Dragon,Goleta,3.5,5,3.0
6RBZfirnzE4NahJTn1UPNA,La Super-Rica Taqueria,Santa Barbara,4.0,9,4.0
6RBrYMiAf8jFJI4fDoQpcw,De La Guerra Dining Commons,Santa Barbara,3.0,8,4.0
6TciI6uBdrd8z1av1YleLg,Pepe's Mexican Restaurant,Goleta,3.5,9,4.0
6VVbLYay8czrjKJ4xRoTxQ,Judge For Yourself Cafe,Santa Barbara,4.5,10,4.0
6aUb_f9C7a2oOxaIfRGSdA,Chicken in a Barrel BBQ-Goleta,Goleta,4.0,2,4.0
6acxMT_WGbA-cUN5RXpIfw,Momma Donna,Santa Barbara,5.0,1,5.0
6afesz8yZhjOgijkWl4jig,The Coffee Bean & Tea Leaf,Santa Barbara,3.5,3,3.0
6kPHr6gZaU9732ptn9gJrA,La Guerrerita Mexican Food,Goleta,4.0,9,4.0
6m4A_ciUZn1G302yx1YV1w,Santa Barbara Public Market,Santa Barbara,4.0,8,4.0
6smGb7xv5fDbBsLgW1WC2w,Shintori Sushi Factory,Santa Barbara,3.5,5,3.0
72yw_QJwkKEjpa7CumQCeQ,Rusty's Pizza Parlor,Goleta,2.5,3,3.0
748Tn5Hsf4LMCCA_WxVBfA,Little Asia,Isla Vista,2.5,5,4.0
7Bu1EQENC0M77VcU-jxATA,The Fig Grill,Goleta,3.0,1,3.0
7IdIGemGZodDAA_9mJCigA,Farmer Boy,Santa Barbara,4.0,10,4.0
7grEnJV48N6BxbEP3uxISA,Mr B Restaurant & Cafe,Santa Barbara,4.0,1,4.0
7kLn2XsFwyJ-yFn4qx40TQ,Buena Onda at Mosaic Locale,Santa Barbara,4.5,1,5.0
7o-p4IlitJ-SbSCZ84vHqQ,Campus Point Coffee,Goleta,4.5,10,4.0
7oPREWTlY8RIMfwT1R0YYw,SALTY at the Beach,Santa Barbara,4.0,2,5.0
7tO1ZfWN6OEo1pWtdgxfqA,The Melting Pot,Santa Barbara,4.0,2,3.0
7wSnkgOORRCqVDa_n8Upxg,Garrett's Old Fashioned Restaurant,Santa Barbara,4.0,10,4.0
7wcHZ80HLJVwUijAH_efJQ,Breakwater Restaurant,Santa Barbara,3.5,8,3.0
7yR4oQcapZBKCkRLB3Isig,El Torito,Santa Barbara,2.5,3,3.0
8-ZExybRuyyXZf6aESgc3g,Paseo Nuevo Shopping Center,Santa Barbara,4.0,8,4.0
8A5LSwsKK5vXDH1M3_Tf1w,"The Ritz-Carlton Bacara, Santa Barbara",Santa Barbara,3.5,8,3.0
8BUr8GviR2o_b-brO21wwQ,Kyle's Isla Vista,Isla Vista,2.5,1,4.0
8FgcWn7bdMC-TMrE4Q3xMg,Bangkok Palace,Santa Barbara,3.5,5,4.0
8JzURExziDYuCrd7Ve9nDQ,Los Tarascos Bakery and Deli,Santa Barbara,4.5,9,4.0
8Lbz0hfE4MWzd7yDu9atBA,Uncorked Wine Tasting and Kitchen,Santa Barbara,5.0,7,5.0
8MQNb0Cnkfq-G1OIViukjQ,Seagrass Restaurant,Santa Barbara,4.0,7,4.0
8MoqZqlNN9AXzG91_Hpc_Q,Dargan's Irish Pub & Restaurant,Santa Barbara,4.0,6,4.0
8QvcM8Nvwite-DOgdYllOw,California Wood-Fired Catering,Santa Barbara,4.5,3,4.0
8RlO6NuhWzXktp-1croq5A,Szechuan Restaurant,Santa Barbara,3.5,5,3.0
8Vo6LN9gqULhXzoxj5k6kQ,The Black Sheep,Santa Barbara,4.5,7,4.0
8WltHaNG6wD1d4h3LE_zaA,Kogilicious,Isla Vista,4.0,9,4.0
8_r9EZL6vX5fPBoVh3gUrA,La Playa Azul Cafe,Santa Barbara,4.0,9,4.0
8qGe4GQYyZstFhYa0rvpIg,McDonald's,Goleta,2.0,3,2.0
8r_n8JdKQ0gePm2neSkL7A,Sushi Ai,Goleta,3.0,5,3.0
92Z2WFvC86Qy3TOI-oBGVg,Fiesta Market & Deli,Carpinteria,4.0,9,3.0
95NWdx75Gwy4r_IGGuCnmQ,Juice N Things,Carpinteria,4.0,1,4.0
9CBW1G-JR9ioTgwFTK6kbQ,Minnow Cafe,Santa Barbara,4.0,8,4.0
9D1Vuxuh-hvwkYBrqje1nA,Stacky's Seaside,Summerland,3.5,2,4.0
9JR9Ht6IX1r2jPPG689JyA,Subway,Santa Barbara,2.5,3,2.0
9JaoQxrPpDfQ_vbZFgSXIw,Neighbor Tim's BBQ,Goleta,4.5,6,5.0
9L-MR0arflwFMF9szEBOOg,California Wine Festival,Santa Barbara,4.5,7,5.0
9MsMKG0v3NstaPqKGYFVOw,Corazon Cocina,Santa Barbara,4.5,9,4.0
9RDKqyqXJcupSnA2vCIs_A,Cafe Luna,Summerland,4.0,3,4.0
9Ujw_PoR_Vv67gf4vsAk-g,Giovanni's,Santa Barbara,3.0,3,4.0
9Vrm13HIdHS41uzroVMQ2Q,Piatti Ristorante & Bar,Montecito,3.5,7,5.0
9dp3hVDlQ0VtjPW_7ISoXg,Chuck's Waterfront Grill,Santa Barbara,3.5,3,4.0
9fJziJ3o9-QXKuKolg7yEA,The India Club,Goleta,3.5,5,4.0
9h0i4lVC5eCVhRTanWsEAg,Le Cafe Stella,Santa Barbara,3.5,3,5.0
9jEv_7tueRJdV5CZwVcwPg,PokeCeviche,Santa Barbara,4.0,3,4.0
9kfN12wVGnKo54AaRjz0vQ,Guicho's Eatery,Carpinteria,4.5,2,3.0
9u79dIXLQzmt9rnOZEnBaQ,The Habit Burger Grill,Santa Barbara,4.0,1,3.0
9uJuBPIQyrC0v9pVv3JKRQ,Panera Bread,Santa Barbara,2.5,3,2.0
9ugpNKKhnYRa51qXoxUw_A,Lilly's Tacos,Santa Barbara,4.5,9,4.0
9xW7LsJpyhVZFRb6z9xorg,Ca' Dario Goleta,Goleta,4.0,7,5.0
A263bVzMdU_-TIMhewOrjQ,Domingo's Cafe,Goleta,4.0,10,4.0
A2slwG21Uulatt357w58PA,Mojo Asian Fusion Café,Isla Vista,4.0,5,4.0
AFZTm786brtTbEc5yYBgfA,Reyes Market,Carpinteria,4.0,9,4.0
ALMuGwPnbAVc4SIbcmQmcA,Santa Barbara Bay Cafe,Santa Barbara,3.5,2,3.0
AQw0B8j9QV1RkFLLFiwkuw,Esau's Cafe,Carpinteria,4.0,10,4.0
AV3XPH1iv8PKSO6mrnYgLg,Pearl Social Santa Barbara,Santa Barbara,4.5,7,4.0
AXC__4yZrn-N3BT7-2bV_Q,Biergarten,Santa Barbara,4.0,6,4.0
Aes-0Q_guDeYewMapFs_vg,Longboard's Grill,Santa Barbara,3.0,8,4.0
Af_vfa_cMTsDlTvfnIBM2w,Gina's Pizza,Goleta,3.5,1,4.0
AgVekFXqwt4Y1HxfQcpyiw,Peebee & Jays,Carpinteria,4.0,1,4.0
AgiBcv5rKdV9QIO5yF7w8g,Harbor of Santa Barbara Inc,Santa Barbara,3.5,8,3.0
Ak4vFqHZUWU5KXONRnuieQ,Los Altos Restaurant,Santa Barbara,4.0,9,4.0
Ak_vHsHsYRP928VHVRL_tQ,Panda Express,Goleta,2.5,3,2.0
AmAc0eD6lyVyb7QdOAO1Mg,Soho Restaurant & Music Club,Santa Barbara,3.5,3,4.0
AoBQeAvMtTOYTx-hThDLZA,Killer B's BBQ Bar and Grill,Santa Barbara,3.0,3,4.0
AodOl1tvAKi6QHKCnyWwng,Denny's,Goleta,3.0,3,2.0
AqOSpSqdocwtIjqTECW2ng,Broad Street Oyster Company,Santa Barbara,5.0,2,4.0
ArIXofDAcFztX8Ry0_81sw,Carl's Jr.,Carpinteria,2.5,1,3.0
AzZqXglv_puXwd4kCvM7ew,Rudy's,Santa Barbara,4.0,9,4.0
B1yPXzIIJrLWyTcE4jsYuQ,Goat Tree,Santa Barbara,3.5,3,4.0
B2Mpi0gW4-oFFVKkDpIxvg,Pattaya Thai Restaurant,Goleta,3.5,5,4.0
B3dzK9OqrT_sN0FNQs_OgQ,Spiritland Bistro,Santa Barbara,4.0,7,4.0
B3kpvT4oLJdQmU9lPnxdKA,Eladio's Restaurant,Santa Barbara,3.5,3,4.0
BBBT3Mogjo3hPPA0de--Dw,Le Café,Isla Vista,2.5,3,3.0
BErYojCJSO959vzaz9JclQ,Savoy Cafe & Deli,Santa Barbara,4.5,1,4.0
BEzvmorW8ILha6tcSxBBwA,Valentino's Take N Bake Pizza,Santa Barbara,4.5,1,4.0
BHZZFNH4wu5VAq_JypqjiQ,Panino,Montecito,3.5,1,4.0
BQv7ntaOxs80FJAji2U9pg,Harry's Plaza Cafe,Santa Barbara,3.5,3,4.0
BVzFvRrgMpL62oPIqGvLMg,South Coast Deli-Goleta,Goleta,4.5,1,3.0
BZq27sUTa_hruRKXr1x54g,I'a Fish Market and Cafe,Santa Barbara,4.5,8,4.0
B_q2xoAgTyn6U4YNEc3kSw,China Pavilion,Santa Barbara,3.5,5,3.0
BaWVwChTW_MqkKru_WZp3g,Super Cuca's Restaurant,Santa Barbara,4.0,9,4.0
BdyPaxmB3O9Ngp9W09GrjA,TonyRay's Restaurant & Cantina,Santa Barbara,4.0,6,4.0
BensdYRuR-zra1g3nBJFXQ,La Casa De Maria,Santa Barbara,4.5,8,4.0
BseHdXex5Od2Or_TyUIoWQ,Courthouse Tavern,Santa Barbara,4.0,6,5.0
Btm9ODncqCqYsnpawaHioA,Tyger Tyger,Santa Barbara,4.0,2,4.0
BttSAciQNIQhgJCv3-FYpw,Danny's Deli Bait & Tackle,Carpinteria,4.0,1,4.0
BwUWmUFKCuJ-nN9vFwMt2Q,Himalayan Kitchen,Santa Barbara,4.0,5,4.0
ByKCIpZWHYUTuCJcoZ-ONQ,Giovanni's,Goleta,4.0,1,4.0
C-aATB7SbuwMBPN5dgjghQ,Rusty's Pizza Parlor,Santa Barbara,3.0,1,4.0
C-zgOpqD2K0xDJU4ty7zKg,Honor Market,Santa Barbara,4.5,1,4.0
C5x1e9G5lwcfZ54_6bMbNA,Cielo,Carpinteria,3.0,3,3.0
C6AiAF35zwpAoK5jjm-nhA,Montecito Coffee Shop,Santa Barbara,3.5,10,4.0
CF1Gj1KGL13QcDkUwOvS3g,iGrill Korean BBQ,Santa Barbara,3.5,5,4.0
CLlnfxaYPTVLKE4VR-U1Yg,La Cocina Mexican Restaurant,Santa Barbara,4.0,7,5.0
COSC9JC0Vjr89CaTZuPkUA,Santa Barbara Craft Ramen,Santa Barbara,4.0,5,4.0
CTmAWi-W8_Id00EjHF5Uwg,Rusty's Pizza Parlor,Carpinteria,3.5,1,4.0
CUWituEeIX3xA0xU7X82Ow,Brasil Arts Cafe,Santa Barbara,4.0,1,4.0
CYwC5OjwCN6ib_AQDxi3Ow,In-N-Out Burger,Goleta,4.0,3,4.0
Ce6B2-CYAjGvRZe3GKyxYA,Rusty's Pizza Parlor,Santa Barbara,3.0,3,3.0
Ch6O9z9_hHDACROLTr2JUQ,European Deli Market,Santa Barbara,4.5,4,4.0
CkENBnSJFfPA1hY0qrqfCg,Carlitos Cafe Y Cantina,Santa Barbara,3.5,9,4.0
CoZ2mpsMBP8HUG1ymKoZTg,Opal Restaurant & Bar,Santa Barbara,4.0,7,5.0
CrWrO6KT5KKg_EdhAgKsaw,Cafe Luck,Santa Barbara,3.5,2,4.0
CuRjZOmfnXjefwEpyzmTTw,4 Eggs & Pizza,Santa Barbara,5.0,5,4.0
CwL56LgcMz7Bvi4xODHVSw,La Arcada Bistro,Santa Barbara,3.5,3,4.0
CziOtnFSklimJnBgksDDwA,Pascucci,Santa Barbara,3.5,2,3.0
D-1BoOczhXGgwhBOR5v-nQ,Little Alex's,Santa Barbara,3.5,9,4.0
D5n8XvQqC_vzOCi63wNChQ,Eastside Deli,Truckee,5.0,1,4.0
DBtNuEt5U_dXoalpU8rbcQ,Outpost,Goleta,4.0,3,4.0
DD3TxygdxBxKh9gbjCuLDA,Events By Rincon,Carpinteria,4.5,7,5.0
DEegOHB-VnPXsptrCf3qMA,Mac's Grog N Groc,Santa Barbara,4.0,3,3.0
DEmAmcR4xNilT5WY5ImEFA,Vegan GreenGO,Santa Barbara,4.0,9,4.0
DJKYqYmhl9xuSlmkS4r0Eg,Sup & Jus,Goleta,4.0,1,4.0
DLTwr11KNMA1hEN7OrkY2A,Mac's Fish and Chip Shop,Santa Barbara,3.5,2,4.0
DOfiulOub9hVPBCtiDl9Fw,Lucky Penny,Santa Barbara,4.0,1,4.0
DQgX6IbCPg3SKdFAgWK1uw,Flightline Restaurant,Goleta,3.5,3,4.0
DV0BJwh9qzPqcxufrA_7ag,Sam's to Go - Milpas,Santa Barbara,3.0,3,4.0
D_WS8rM-DVygaCKbIErZ6Q,Palapa,Santa Barbara,4.0,9,4.0
DcRfabRzYkddMEUFyPMBgw,American Ale,Santa Barbara,3.0,6,4.0
DdD7j67fu8kM6DkvY4JCIA,Panaderia Veronica,Santa Barbara,4.5,9,4.0
Dp9Jxlocw7cnos9fE7HKIQ,Jack's Bistro & Bagels,Santa Barbara,3.5,3,4.0
DqVpNtgFCP47n6frh-LREA,El Paseo Mexican Restaurant,Santa Barbara,3.5,3,4.0
DzpaiMQnB_sNhZPrgdvKHg,Sushiya Express,Goleta,3.5,5,3.0
E1R-xslwl7XeTN5lQ7mWPg,Little Kitchen,Santa Barbara,4.5,1,4.0
E1b_hNr22N2wGkq5Z9fmHw,Juice Ranch,Santa Barbara,3.5,1,4.0
E3WUDYEvCVMplIFMgeN1xw,Cajun Kitchen Cafe,Santa Barbara,4.0,10,4.0
E7RtIisUoRMcADSebBgNAA,Santa Barbara FisHouse,Santa Barbara,3.5,2,3.0
E8tiSAB6O4TPeVdKR0K5Ug,Rusty's Pizza Parlor,Santa Barbara,3.0,3,4.0
EBuSqlpzzyfZZkEgPxVV1Q,Wingstop,Santa Barbara,3.0,3,4.0
EC9-hDcyqE8c_m03X3VhIQ,Panera Bread,Santa Barbara,2.5,3,2.0
EEkCKh3obNA6hE4D4pNUqQ,Sam's To Go,Goleta,3.5,1,4.0
EEwmN2uP1PmOyxpTstSIxA,Fernando's Churros,Santa Barbara,4.5,7,5.0
EILVLAwEPdGAV_ZC0edtgA,Little Caesars,Goleta,2.5,3,2.0
EPkF-beh6gg_s3HtlAdfiw,Goleta Sushi House,Goleta,4.0,5,4.0
ERuy9x26QrzqVwP1oFSObQ,La Hacienda,Goleta,4.0,9,5.0
ERzIS-WRLw-80_B4yqcG3Q,Chuck's of Hawaii,Santa Barbara,3.5,7,4.0
EUzWWnvcx1pkkWxk2XV6QA,The Habit,Isla Vista,4.0,1,4.0
EWl5aixg4hCcuVYpz4BLKQ,Cafe Los Arcos,Santa Barbara,3.0,3,4.0
EXYbKA1tocvOK_1tXxZXLA,Sushi GoGo,Santa Barbara,3.5,5,3.0
EZc2myE2mYk2h9JK9qu8gw,Finney's Crafthouse,Santa Barbara,4.5,6,4.0
E_ac8Q20OJD9L8cafCBKaQ,Milk & Honey Tapas,Santa Barbara,4.0,7,5.0
EaTbY8HFwwF7i3SjVbHGYw,Montecito Wine Bistro,Montecito,4.0,7,4.0
EoLzj1yciIjEZS9ZEJe_kQ,The Garden,Santa Barbara,3.0,3,4.0
Eqi8jrVowPBlCKAInDfFRw,The Natural Cafe,Goleta,4.0,1,4.0
EtM079Cj7-B3G7jPsGYb_Q,Sandbar,Santa Barbara,3.5,6,4.0
EvC-VdZwoUToLcjUtcntqQ,Hanamura,Isla Vista,2.0,3,3.0
Ey0t4U6yqtxCeMaGPf7GcA,Brummis - the German Taste,Santa Barbara,4.5,7,5.0
EzhRlsTdACV60rOgrGYyqA,IHOP,Santa Barbara,3.0,3,3.0
F-NlTcl5BHb07E7TFb2TJw,Rosarito,Isla Vista,2.5,9,3.0
F6KHs4GDw_9tpuv65M6PGA,IV Deli Mart,Goleta,3.5,1,4.0
FAc2Mv92KL00cbLdpAc0kQ,Giovanni's Pizza Carpinteria,Carpinteria,3.0,3,4.0
FBqYnP7H3TMHYQvafuBTSA,Hiwi Tropical Fusion,Goleta,3.5,2,3.0
FE5R_F7svUphKeUWuxA0JA,Del Pueblo Cafe,Santa Barbara,4.0,9,4.0
FEBwxZMEpxRwVXx9Fm0XZw,Chad's,Santa Barbara,4.0,10,4.0
FH0MVF7kK0D76Hh4e7hXfQ,Jeannine's American Bakery Restaurant,Santa Barbara,4.0,10,4.0
FH1sTH13rupNdANai7JFxA,The Bourbon Room,Santa Barbara,4.0,7,5.0
FQxEfhBd1gMrurP19bhK8w,Mama's Bakery & Deli,Santa Barbara,4.0,10,4.0
FTFaEinJgzqY0ZHQMUSpQQ,The Brewhouse,Santa Barbara,3.5,6,4.0
FY_FkUeQxVqAjc9V0IAc2Q,Blenders in the Grass,Goleta,4.5,1,4.0
FYc3iwBUhGhxJAtJ6oRvJQ,Carl's Jr.,Santa Barbara,2.5,3,2.0
FdoqtMadj4ybDAL7S-yUBQ,Summerland Beach Cafe,Summerland,4.0,10,4.0
Fg68C3AwFu74dXMhgX3qIw,Carl's Jr,Santa Barbara,3.5,3,4.0
FjVAwrTr0AMfs78pDLamtA,Subway,Goleta,2.5,3,3.0
FpNhzu3w0XgyedhOLDuK8g,Teddy's By The Sea,Carpinteria,4.5,7,5.0
FyK0sYez1ImnovyzJ_iGZw,East,Santa Barbara,2.5,3,3.0
G0rJD85hUDQ0Omz0rOFeOQ,Nikka Fish Market and Grill,Goleta,4.0,2,4.0
G9rBwcWp56C8r6ZFwVuimA,Belmond El Encanto Dining Room,Santa Barbara,3.0,3,4.0
GBD-YjcOD1nG0wv4L0Lvfg,Venus in Furs,Santa Barbara,5.0,7,5.0
GEGTsaKaO1R9fFB4sGS5qw,Santa Barbara Food Connection,Goleta,4.5,9,5.0
GIFnN4Uk3wg3uOh0g2JxIw,Domino's Pizza,Carpinteria,2.5,3,2.0
GQue4Nouo2Mg5R2GotVS7w,Big Yellow House,Summerland,4.5,3,4.0
GUuLWkqfieTDwORs8z8mDg,Courtyard Cafe,Goleta,3.5,1,4.0
Gg2ZHe57Ztuv8JaFj0mNhw,Dank Bowl Kitchen,Isla Vista,4.5,1,4.0
GgcvRnt5_z3NEC0D6vNncQ,Cafe Buenos Aires,Santa Barbara,3.5,2,4.0
Gj6qT1khVT0h0gHGuKeHxQ,Rice Garden,Santa Barbara,3.5,5,4.0
Gl3XO4ECKKli8-bKKdkkYA,KFC,Santa Barbara,2.0,3,2.0
Go-vuNoQ64pojSRJ580SJQ,Velvet Jones,Santa Barbara,3.5,3,3.0
Gof3vW62_EDmqgAPTL-nKQ,Pascucci,Goleta,2.0,3,2.0
GpESl2dXOH8rxs0pAbIyAw,Alphie's Restaurant,Goleta,3.5,3,4.0
GtrY5U_M1ac3bYCk0DUeIg,Three Pickles Subs and Sandwiches,Santa Barbara,4.5,1,4.0
GuzbBFraIq-fbkjfvaTRvg,Mesa Verde,Santa Barbara,4.5,1,5.0
GwtVBqKzW9j0zNQ7nYnT5g,AH Juice Organics,Santa Barbara,3.5,3,3.0
GyWxMEMzRZJ-mb6OAq7jyA,Taqueria El Pastorcito,Santa Barbara,4.0,9,4.0
Gz2Q1zFXJgnKHOkFdCR9fg,Baba Small Batch,Goleta,4.5,1,4.0
Gz3vi3dVKMylBb8HV1tP8Q,Blenders In the Grass,Santa Barbara,3.5,3,3.0
H-1qpp_77KggOAr9htUrEw,Cava Restaurant & Bar,Montecito,4.0,9,5.0
H4Zf42Q3I8JyQ-V5l4dJrg,Blush Lounge,Santa Barbara,3.5,7,4.0
H5bsmYmdO3FBVQHC3jfx2g,John Dunn Gourmet Dining Room,Santa Barbara,4.0,7,5.0
HA_Hks9YjRqz3Yk6JDAaIQ,Bougainvillea,Santa Barbara,4.5,7,4.0
HE-9l_2RSingLV2RZItdsA,Anna's Marketplace Bakery,Goleta,4.0,10,4.0
HGRR2w9KddspVBYA-4bSlQ,Sunnyside Market & Deli,Santa Barbara,4.0,3,4.0
HJ_rOClY2RPrdervYopKmQ,Mosto,Santa Barbara,4.0,7,4.0
HMRiG6zL_q2u8e8IqUmQvg,Mr. Pickle's Sandwich Shop,Isla Vista,4.5,1,4.0
HNACff49-kXS7l0MyLOzHw,Rusty's Pizza Parlor,Santa Barbara,2.5,3,3.0
HOXbILWYZJkNUYYzYK_tZA,Arnoldi's Cafe,Santa Barbara,4.0,7,4.0
HQ-C47_Xi5it1KzwEc0u0A,Barbarians,Santa Barbara,3.0,3,4.0
HcCHBWHURM39L17JbpUrNw,Cantwells Summerland Market,Summerland,3.5,3,3.0
Hj44PIrCtv61ETVclzLMwg,Jeannine's American Bakery Restaurant,Santa Barbara,4.0,10,4.0
Hj8sSN8O_UTSCNkEO33q4g,Wahoo's Fish Tacos,Isla Vista,3.0,3,4.0
Hl_vXTiYLozWo7T9Cq17vw,Aperitivo,Santa Barbara,5.0,7,5.0
Hlx8S2GLF7hMuIKx4sU-gg,Cesar's Place,Santa Barbara,4.0,9,4.0
Hlzn3A-B2-Q1xj3FHe_D0A,Jake's Cottage Cuisine Cafe,Santa Barbara,3.5,3,4.0
Hqz96v1ymucUKNzIWfEKXw,Subway,Santa Barbara,3.0,3,3.0
HrnSaz2f1WUEoAQQ6iD6gw,Lemon Tree Inn,Santa Barbara,2.5,8,4.0
HrsWLRW7sPxjeC_hDA0Diw,Santa Barbara's Wood Fired Pizza,Santa Barbara,4.0,1,4.0
HtWJVjBrlFFQ_9q0B-5RQQ,Vons,Montecito,2.5,3,2.0
HtxYbysdeXwexRrSkKdt2A,Jay C's Place,Isla Vista,4.5,5,4.0
I0jFTYVDs-WHwKR2XHQlRA,Zen Yai Thai Cuisine,Santa Barbara,4.0,5,4.0
I3yiknZLxXVIjYp4WmLz2w,Petrini's Restaurant,Goleta,3.0,2,3.0
I7tLQ1YEJjcN16josIx6Dw,Panino,Goleta,3.5,1,4.0
ICJE_-SCNJAHDtUpK1O0nw,Rasta Taco Catering,Carpinteria,4.0,7,4.0
IDtLPgUrqorrpqSLdfMhZQ,Helena Avenue Bakery,Santa Barbara,4.0,10,4.0
IDyJPdJ-zTXJ_FSSOMOgbg,Taco's To Go,Carpinteria,4.0,9,4.0
IG-CwPl5mb6-hmpFjXUIvA,Choppa Poke,Santa Barbara,4.0,5,4.0
INaAIFXWueRVjgmuNtJTEw,Dutch Garden Restaurant,Santa Barbara,4.5,2,5.0
IPhNJz_PZQxjTXnC94YdNQ,SB Paella Catering,Goleta,5.0,7,5.0
IQFb8aeU7QW-BxpFhGMnlg,Ca’Dario - Montecito,Montecito,4.0,7,5.0
IQPsL4ZKgYpvuN0BJn_yhQ,Mundos,Santa Barbara,4.5,7,5.0
IRyKDIF51M0GcqS8yfPcYA,Mesa Cafe,Santa Barbara,4.0,10,4.0
IUgQmteI-mbt_qjL2ZENKA,Epiphany Restaurant,Santa Barbara,3.5,7,4.0
IXQH9-nnTWZFgBF0V3MH-A,Cali-Forno Pizzeria,Santa Barbara,4.0,1,4.0
IZJacI6XEUxy3_wbW76Qfw,Chili's,Goleta,2.5,3,3.0
IZZ7J14VnJGyUqYH1tgT6w,Satellite,Santa Barbara,4.5,7,4.0
Ifw5wqcChnL4zBigtR7NKA,El Sitio,Goleta,3.5,9,4.0
IljCDlZnTftfZEruqa4sRQ,The Funk Zone,Santa Barbara,4.0,8,3.0
IoAubn7CpU2rqcURxUo1MA,Barb's Pies,Santa Barbara,4.5,1,5.0
IofBnKUFeC1Z2uyFOTxNDw,JR's BBQ,Goleta,4.0,2,2.0
IoihJkcF2FcE-sHOneat-A,Petit Valentien,Santa Barbara,4.0,7,5.0
It1sdsL61jZxbHd63gjdHA,Haggen Food & Pharmacy,Goleta,2.0,3,2.0
J52h9uXJgEKyIz0iq8S0Xw,Piano Gastrolounge,Santa Barbara,3.5,3,4.0
JB5tlC_7u5IHT2Z_GHN-qw,Daily Greenz,Santa Barbara,5.0,7,5.0
JD4yd4N8HCDziaJKJXk2yA,Tori's Oatmeal Lounge,Goleta,2.5,3,4.0
JSrab1rTrhBq0X80o6fPrQ,Red Pepper Restaurant,Goleta,4.0,5,3.0
JUruKsTe0fdPbQHCT8XTug,Root 217,Goleta,3.0,1,4.0
JWFpjvCc_nkNDVtMPx1ZGg,Bogo SB,Santa Barbara,4.5,1,4.0
JZrspVMm79n_iHTYftkI0g,La Tapatia Bakery,Santa Barbara,4.0,9,4.0
Ji3XN5gL1aBlbhtFEGpMFA,Mollie's,Santa Barbara,3.5,7,4.0
JiBxL733qjm8WAddu-RzDQ,Broad Street Oyster Company,Santa Barbara,5.0,8,4.0
JjmmSW_QQh2Db4fuIEMATA,Persona Pizzeria,Santa Barbara,4.0,1,4.0
JpwG8sDNsHuD0f6NF6YuGw,Rusty's Pizza Parlor,Santa Barbara,3.0,3,4.0
Js3m_GdqNUGnEgXJ8WMtfQ,Hana Kitchen,Santa Barbara,3.0,3,4.0
JxVPdQrAac7qNUnwse7xcw,L's Kitchen,Santa Barbara,5.0,3,5.0
KC8_Rx4Orlsz8LIonCYXsA,Santa Barbara Brewing Co,Santa Barbara,3.5,6,4.0
KMBCvNByuzXlPoNzHeBhZw,6831 AA Hollister Ave,Goleta,3.0,1,4.0
KMuVQ8E4VIhdjwDo5jPPcg,Montecito Confections,Montecito,4.5,7,4.0
KSYONgGtrK0nKXfroB-bwg,Loquita,Santa Barbara,4.5,7,4.0
KU4zXPo6v8c3N_l14wivQA,Jade Restaurant,Santa Barbara,3.5,2,4.0
KdNQZQaMd4rKjNphqGHX6A,Kahuna Grill,Goleta,4.0,1,4.0
KkXXT-Jnqc4gsQ4TR2YGQA,Simply Marvelous BBQ Catering,Carpinteria,5.0,7,5.0
KobS8yqBelXH11gaIhZJSg,The Endless Summer Bar Cafe,Santa Barbara,3.5,8,4.0
Ksz_jsyyK3Zjlq_Cz81ZBA,Adama Vegan Comfort Cuisine,Santa Barbara,4.0,1,4.0
KxTipxTtvRDOntfze34NPw,Ye Olde Butcher Shop,Santa Barbara,2.0,3,4.0
L4-_gPiqsuX50JN_-qUhNQ,Jeannine’s American Bakery & Restaurant,Santa Barbara,5.0,10,4.0
L6nIOUwcTGgQKExGHmvTzQ,Noodle City,Goleta,3.5,5,2.0
L7-PPe0fj-6U7qq31vjWnQ,Rincon Beach Bar,Carpinteria,4.5,7,5.0
L8rhRyXtpq2nCE0il1KN_g,Coral Tree Cafe,Santa Barbara,3.0,3,4.0
L9CFXQbU79r6PK8Cy9aAgA,Gimeal Cafe,Goleta,4.5,5,4.0
L9QTAucz_in5f-ufCrvb1Q,Live Culture,Santa Barbara,3.5,3,4.0
L9XvUfEWfjEmOJAd21o6rA,Subway,Isla Vista,2.5,3,3.0
L9hRzl4W7TAdcW0Ld09O-A,Penelope's Sno Balls at the Beach,Carpinteria,5.0,2,5.0
LEo6sBsQz3xrpKW-DQjTWQ,Panda Express,Santa Barbara,2.5,3,3.0
LIqjZ2fGRbjjMy0ezyuKSQ,Frankland's Crab,Santa Barbara,3.5,2,4.0
LKM0wL3GMsi8NwEdz-_n8w,Kyle's Kitchen,Goleta,4.0,1,4.0
LMm555z8BReDxgkpF_TEug,Park Place Deli,Santa Barbara,4.0,8,4.0
LdXB3D3gl3ckxZutLmen1g,Miso Hungry,Santa Barbara,4.0,5,4.0
LgSEHsI9DKyeGVGtn61tEg,Ana's Taco Bar,Santa Barbara,3.0,9,4.0
Lj1goFC0ar8bfmsoHhGVbg,Taco Tuyo,Santa Barbara,4.5,9,4.0
LlGIlNJE2Nv_PXkH7l4Wmg,Lilly's Tacos,Goleta,4.5,9,5.0
LsniEK_m_Jbj7JMbT4eRxQ,101 Deli,Santa Barbara,4.5,1,4.0
LswO4EWgN99h6NEEJ7qtCA,Smoke 'N Barrel BBQ Shack,Goleta,2.0,2,3.0
LtxG9DTXCFpteVkD4SGBlw,Sevtap Winery Tasting Room,Santa Barbara,4.0,4,4.0
LuPK46HMxRYEVTXVbBCR1g,Sama Sama Kitchen,Santa Barbara,4.0,7,4.0
LwCcNUqX-BEMBd6Xj-JlvA,Los Gallos,Santa Barbara,4.0,9,4.0
M3LZKA-tVFRJyPeKA3_2OA,Merci To Go,Santa Barbara,4.5,2,4.0
M9kbUs_xPc9HnU-O6qZX1g,Lettuce B. Frank,Santa Barbara,3.5,3,4.0
MCsD2G2R0udfzg9FTltUTA,New Baja Grill,Goleta,4.0,9,4.0
MG0IlmvAILSzRE4E1gk5hA,Tacos El Rey,Santa Barbara,4.5,9,4.0
MJI-bNIn3QDgiGggm9Wp1w,Moby Dick Restaurant,Santa Barbara,3.0,8,3.0
MOowZBGbgn7FrTol3dvrlg,Nectar Eatery & Lounge,Santa Barbara,4.0,7,4.0
MX2YGruhd0sMNHZGK7p5-Q,Bella Vista,Santa Barbara,4.0,7,5.0
M_0k-h3euD5T1Pv6vQwEMQ,Sunset Grille,Carpinteria,3.0,2,4.0
MbzgGsMQpGyVrUJXi_Jw0Q,Dawn Patrol,Santa Barbara,4.0,10,4.0
MiMRlsXOpHJMSTDAuw8s1w,Su’s Bowl,Isla Vista,3.5,5,3.0
MmN1qpG224QxOeq72DpN2g,Aldo's Italian Restaurant,Santa Barbara,3.0,2,3.0
MnAn9IDCGMTXFqUqJ5P53Q,Giovanni's Pizza,Santa Barbara,3.5,1,4.0
MwJsk91FJ73YzzmpVaJihQ,Los Arroyos Mexican Restaurant & Take Out,Santa Barbara,4.0,9,4.0
N-CBZKO37y_WSUN7ZMNGkg,Taqueria El Pastorcito,Santa Barbara,4.0,9,4.0
N12Pwub9Tj-5AhuPfbj-Mg,Big Joe's Tacos,Santa Barbara,4.5,7,4.0
NAWO3P0rl396h0kdRXwuFA,JSB Cafe at Santa Barbara City College,Santa Barbara,4.0,3,3.0
NCHUoBAMTDqI754PICPN9A,Starbucks,Isla Vista,3.0,3,2.0
NCMTfUJYTasYZ64UuGC-rg,Pizza Online Company,Goleta,4.5,1,3.0
NG3SFWgDgjMMpIJoQoQ3XQ,MJ Cafe,Goleta,5.0,6,5.0
NIQWO-Q_F598XlAvZnFVCA,Eureka!,Santa Barbara,4.0,3,4.0
NIqFlHurHm0cj6QXczYbEQ,Rudys,Carpinteria,3.0,9,4.0
NMnn6FJkW802ldqdgScVxQ,Las Aves Cafe,Santa Barbara,3.5,3,4.0
NNfsMie_xMUAnf4eKoQ64g,Maudet's,Santa Barbara,5.0,10,4.0
NORF647ibBQ4U-VNMgzSLg,Oakberry Açaí Bowls and Smoothies,Santa Barbara,4.5,1,4.0
NQbqrEfeuoG7yx4HpdZTWQ,Sam's 2 U,Goleta,2.5,1,4.0
NTLvzcGNm4IUF_yXIwIhvA,Thario's Kitchen,Carpinteria,4.5,7,5.0
NTWgjXi0ggOQnTOS1bTjEw,Le Bon Cafe,Santa Barbara,4.0,1,4.0
NWwVZnCb8-Oh9QWWAb2T2Q,Somerset,Santa Barbara,3.5,7,4.0
Nbht3URjeV94507do0goEw,Pressed,Santa Barbara,4.5,3,4.0
NcPL-huY-Ac2VjkZ5KsSRQ,Saigon In and Out,Santa Barbara,3.5,2,4.0
Ng4PxR9WVdbnDGC50PbzwQ,Jersey Mike's Subs,Goleta,3.0,3,2.0
NnAfFmqKH3PBeigmuAeFNA,Santa Barbara Chicken Ranch,Goleta,3.5,9,4.0
Nq4k3dnfiOMT_UrOL9xO-A,Ming Dynasty Restaurant,Goleta,3.0,5,3.0
NuMR1xJu6Ewxaicc4yLOFw,Chick-fil-A,Santa Barbara,4.0,3,3.0
Nv6ruFQa6AG6g8f-_IxFCw,Alito’s,Santa Barbara,4.0,3,4.0
NynM3SwsOMFJryABCKuOlg,All India Cafe,Santa Barbara,3.0,5,3.0
O0kQGkmlllaN7oU6sQyzPA,Flir Cafe,Goleta,4.5,5,4.0
O2lFAWD2WXXx5EKkzPutWQ,Your Place Thai Restaurant,Santa Barbara,4.0,5,4.0
O6RCCmz8-x4NhWJpI8KQug,Breakfast Culture Club,Santa Barbara,4.0,10,4.0
O8rIa0Wvapju2iC9T1Hp8Q,The Good Plow,Carpinteria,4.5,1,4.0
ODvaMIpjD6bHiwQ9-kmECw,Vices & Spices From Around the World,Santa Barbara,4.5,10,4.0
OFfJsY9KeOyelk46m_jzzw,Blue Tavern,Santa Barbara,4.0,7,5.0
OM5beWRkxZSu1TShUC3EDw,The Drunken Crab,Santa Barbara,4.0,2,3.0
OMWhamtXhqlYCj66MqcxuQ,Aksum Restaurant,Santa Barbara,5.0,7,5.0
OODq_Mki-e929E8NfPc7-Q,Whitefoot Meat Market,Santa Barbara,4.5,1,4.0
OPQkUsUdLN_PPAW6IyEJLQ,Chino's Rock & Tacos,Santa Barbara,3.5,9,4.0
OdRkeCycTpMRow9XUXVNWw,Taco Bell,Santa Barbara,2.0,9,4.0
Oeaerj6kDDBRGnUh0wLAvA,Woody's BBQ,Santa Barbara,3.0,2,4.0
OqZFZcjKqYwVSGEYb5GhNQ,Dang Burger,Carpinteria,4.5,1,4.0
OrU9wTeHJSLMwyGqYg4FAA,Arch Rock,Santa Barbara,4.0,2,4.0
Ow29cE1wS-_LrfN7jEuDPA,Ahi Sushi,Santa Barbara,3.5,5,4.0
OyFxR5E2HBy-K2-0AxCtFg,Domino's Pizza,Santa Barbara,2.0,3,3.0
OzGk7arJv6FPrWqaYSvyKQ,Choi's Oriental Market,Santa Barbara,4.5,5,3.0
P5cgKbK-cQqqZj0I3_DW0g,Roost,Santa Barbara,4.5,7,5.0
PBXFaKio7FJ-4JehJGh_gg,Fattes Pizza,Santa Barbara,4.5,1,4.0
PGVZjuHpB5s5jFMKqKdCmw,Our Daily Bread,Santa Barbara,3.5,10,4.0
PHSda9zEwtFicCICD6TP1A,Luna Grill,Santa Barbara,4.0,1,4.0
PNVbv2kyUIHeJTDPis2gRg,Los Agaves,Goleta,4.0,9,4.0
PPcz-0UtIJ8O7xDT551y2g,Intermezzo By Wine Cask,Santa Barbara,4.5,7,5.0
PR9GKW_tKuQGIAB_aeFPJw,Ike's Place,Goleta,4.0,1,4.0
PUDTWmMzevJdvsueEmnYqw,Hochaya,Goleta,4.5,5,4.0
PVo1orQ9R7ZHfg90QACh-w,Your Choice,Santa Barbara,4.0,5,4.0
PZIVcSuN-G_I6oG6EVKntQ,Anchor Woodfire Kitchen,Santa Barbara,3.5,7,4.0
P_QAD4_iMgqTaWd5On_n3g,TAP Thai Cuisine,Santa Barbara,3.5,5,3.0
Pf_7rI6TnV8M_btOBBLg5w,El Sitio,Goleta,4.0,9,5.0
PgtqA056auCp5EbcZMbXPQ,Trattoria Mollie,Santa Barbara,3.5,7,4.0
PilMA5jBSjfh2rlCLG50Cw,Blue Corn Tacos Catering,Santa Barbara,5.0,9,5.0
PnT9JSoMirpKzY6TnG1HhQ,Three Pickles,Goleta,4.0,1,4.0
PrJEYGjlhaF0BSZk_Q-uPg,El Pastorcito,Santa Barbara,5.0,9,4.0
PsO9LleYQJlFc_r-DJxVzg,Taco Bell,Santa Barbara,3.5,3,3.0
Q0NVfooo9liiTgElEOVA6g,Cabo's Baja Grill & Cantina,Carpinteria,3.0,9,4.0
Q54wPRfbmO8egJeVTmSkYQ,Che Argentinian Empanadas,Carpinteria,5.0,1,4.0
QBuyT7RmnVj2AnS3NfxIBg,Taqueria El Buen Gusto,Carpinteria,4.0,9,4.0
QFh-h_OZ5Io-mBk32HN28A,Kyle's Kitchen,Santa Barbara,4.0,1,3.0
QLHgjBHBoeIUoEvIPvjHnw,Mesa Burger - Santa Barbara,Santa Barbara,4.0,1,4.0
QNoFrASBpqW8dzdAEIYjNQ,The Brown Pelican,Santa Barbara,4.0,8,4.0
QS0a4snAEc-zdLeLIgTaHg,Delicious Expressions,Santa Barbara,5.0,7,5.0
QaFbv7aLQBcfT4xMF1_WnQ,Rockfire Grill,Goleta,4.5,1,4.0
QfXEdQpBojorGinfCnrKTA,Subway,Santa Barbara,2.5,3,2.0
Qfb1ZgV43eHTZeR4x5fAUA,Verdé,Santa Barbara,3.0,3,2.0
Qi-A4ZgcEuSnq_8Fpfo_3Q,Our Lady of Guadalupe Mercado,Santa Barbara,4.5,9,5.0
Qkg16mN-8QR66gjzg6gMyw,Convivo Restaurant and Bar,Santa Barbara,4.0,7,4.0
Qki5LF9vIN7KPM3gn2WkJQ,On The Alley - Goleta,Goleta,4.0,2,4.0
QpsBZDw-fE5r5_M6Vto_qA,Cafe Equilibrium,Goleta,4.0,10,4.0
Qsd_S2f7fNFqngx2amRE7A,Sojourner Cafe,Santa Barbara,4.0,1,4.0
Qsoq2TGOe59LZy7z6KbQjA,Domino's Pizza,Santa Barbara,1.5,3,2.0
R0U0K_qvwOQbQwPhhKw4Ew,Steve's Patio Cafe,Santa Barbara,3.5,10,4.0
R6NxHoRRK5Y4ishGsLrGwA,Restaurant Mimosa,Santa Barbara,3.5,2,4.0
R93mEcQ1pjq7q3LzShi3ow,"Villa Craft Beer, Wine & Kitchen",Santa Barbara,5.0,7,5.0
RDjtVGc0c04ZIR6em1hCbQ,Nicky D's Wood fired Pizza,Santa Barbara,4.0,1,4.0
RHgj2ssSXnS0VA7DRvKomg,Sage & Onion,Santa Barbara,4.0,2,4.0
RIXWht1pZG8pe1SJk5hhXw,Poke Theory SB,Goleta,4.5,5,5.0
RKuAfE06rDcetvOTI5MbbA,Taqueria El Buen Gusto,Santa Barbara,4.5,9,4.0
RNzhLU8zy1L5dBkjRK4xEA,Sly's,Carpinteria,3.5,7,4.0
RRGLss4hhvZZuR0N6GQlSw,Nook,Santa Barbara,4.0,6,4.0
RW3nH6Au6pSCWxJhiGY03Q,Big Eye Raw Bar,Santa Barbara,4.0,5,4.0
RX3gzXCiKOe2vI7zyB20mg,Cafe Int'l,Goleta,3.0,3,4.0
RXA9eUawmrYkToXhjKHyIQ,Yanni's Greek & American Deli,Santa Barbara,4.5,3,4.0
R_8S3Iuhpzoi3nM-xq3kcw,The Daily Grind,Santa Barbara,3.5,10,4.0
RdFgbrE_8sf6NImEMopaPQ,Beachbreak Cafe,Santa Barbara,3.5,10,4.0
RiOcLw__HPf_rTOTpYKnHQ,Meet Up Chinese Cuisine,Santa Barbara,4.0,5,4.0
RjOnk_W82F2brYtpDZ59MA,Cubaneo,Santa Barbara,4.0,2,5.0
Rl42JbSMsmNW3LRjsTMYAg,Freebirds,Isla Vista,4.0,9,4.0
RnC8N3wdN4subTxtmV3FeA,Malibu Farm at Miramar,Montecito,3.5,7,4.0
RsjgvZO_0aLsg9YxvtBwpg,Pizza Hut,Goleta,2.0,3,2.0
RtJC7xavgAxOITQyAlGCbQ,Tri-County Produce Co,Santa Barbara,4.0,1,3.0
S3QHy1sshUeZwXOYviVsXQ,Tre Lune,Montecito,4.0,7,5.0
S4ujTsHtCOsHKrKkcjY30Q,Coast & Olive,Montecito,4.5,7,5.0
S7Cl9gYqaC9jlw32yd4_Yg,Starbucks,Santa Barbara,3.0,3,3.0
SAQgO7Ij2cdnMp8VQKBffA,Emilios Ristorante & Bar,Santa Barbara,3.5,7,5.0
SBs30RyeoiEU2LjeiH1YFQ,Crushcakes & Co,Montecito,4.5,10,4.0
SHk_eYKzIOPvgwvTThtXiQ,Romaine's,Goleta,3.5,2,4.0
SOl2m-ZsAmnCuQGdMZeANQ,Red Pepper Chinese Food Express,Isla Vista,3.5,5,3.0
SWP5Cck3Hd_g-KWfVkF_IQ,KOL'S,Isla Vista,4.0,10,3.0
SYHDOHRNAH-2xsw3XB5qbg,The Shop Kitchen,Santa Barbara,4.5,10,4.0
SZU9c8V2GuREDN5KgyHFJw,Santa Barbara Shellfish Company,Santa Barbara,4.0,8,4.0
Sa1G0j7YGs0mSa-mU4tvgg,Carl's Jr,Carpinteria,2.5,3,2.0
SaUbh0sMSev8gKNJYtC76g,Hob Nob,Santa Barbara,3.0,3,4.0
SeneXbKmhHhPtzyTDPDnvA,Sam's To Go - Isla Vista,Isla Vista,4.0,1,4.0
Slg6Ec2D7vEBRmgVUfwkzQ,Angel Oak,Santa Barbara,4.0,7,5.0
Slihcg1bmYvw-V_FUFghLg,Harbor Meat & Seafood,Santa Barbara,5.0,8,4.0
Sp4HOjXy-LYV_4yy10L3jg,Modern Times Academy of Recreational Sciences,Santa Barbara,4.5,6,4.0
Ss6f5v_t5Vddiaz4ZOxL0g,Andersen's Danish Bakery & Restaurant,Santa Barbara,4.0,10,4.0
SsHMgOW3TT48Z7jeV5beqQ,Kimchi Korean BBQ,Santa Barbara,4.0,5,3.0
SswXHqlzhpbAQS9HVAoBww,Cajun Kitchen,Goleta,3.5,10,4.0
T2otvNcawDSkhykOG2tOLA,IHOP,Santa Barbara,2.5,3,3.0
T5HC59sxOcW-I3_ViqNbYw,Las Brasas Mexican Grill,Goleta,4.0,9,4.0
T5serOgucL236udCsZI0jA,Xanadu Bakery,Santa Barbara,3.0,10,4.0
T9I4G6Or3sAbyYmB7c23hw,Tino's Italian Grocery,Santa Barbara,4.5,1,4.0
TCWnTa69sJ3vGQsdEe3Esw,Uncle Roccos Famous NY Pizza,Santa Barbara,2.5,3,3.0
TN3tMGLb6AbAnN6rFKmH1A,805 Kabob,Goleta,3.5,3,4.0
TSwMwVq5GtQh5LW2t32uGA,Woody's Roundup Bar & Grill,Santa Barbara,2.0,3,4.0
TUtf4FLtotdQDleYpRIfnw,California Pizza Kitchen at Santa Barbara,Santa Barbara,3.0,3,3.0
TVX2a4bVuCE2VUIkiLdZrQ,Flavor of India,Santa Barbara,4.0,5,4.0
TYVln68leW7BYuVksFyB5A,Sevilla,Santa Barbara,4.0,3,4.0
T_TX4Lx03Juo4pHF5cMYuA,Ca'Dario Pizzeria Veloce,Santa Barbara,3.0,3,4.0
Tc1L4BH_2pkCywkAEfCQRg,Burger Express,Santa Barbara,4.0,1,5.0
TeUEijNG9w8m2fNaE7J1TA,TAP Thai Cuisine,Goleta,3.0,5,4.0
Tfo88MgUweNHyOMfQ6TYGw,Bay Roadhouse Bar and Grill,Santa Barbara,3.5,3,4.0
Tpr8CltepNzpRpQC2JM4pQ,Sage & Onion Cafe,Goleta,4.0,10,4.0
TzNk1TcWLZn0JCpO83hBAA,Stella Mare's,Santa Barbara,4.5,7,5.0
U1Gc3wKN5viu_e68KJVOdQ,Wingman Rodeo - Milpas Street,Santa Barbara,4.0,1,4.0
U1lGcthY52-LUPdxhV3qVw,Paesano's Pizzeria,Santa Barbara,3.5,1,4.0
U2hkeMI-q4cS35QolJYN0A,Arigato Sushi,Santa Barbara,4.0,5,4.0
U3grYFIeu6RgAAQgdriHww,Brophy Bros - Santa Barbara,Santa Barbara,4.0,8,4.0
U7XQ4-xZf-3a5diuDILpFA,Rusty’s Pizza Parlor,Summerland,3.5,3,4.0
U897DhJaaa3qyr1PVjxfWQ,Georgia's Smokehouse,Santa Barbara,3.5,2,4.0
UA3HxLprLSOO9J6l1iR2Cg,China Palace,Santa Barbara,3.5,2,3.0
UAy8Qc_T0CuHxQRiUMNN4g,La Salsa,Santa Barbara,3.5,9,3.0
UBK6zb5-XUETfVzYkRTj1Q,Lab Social,Santa Barbara,4.5,6,5.0
UCf1qieF9Lss61Te-Qnacg,Sushi Cafe,Santa Barbara,3.0,3,3.0
UFpCraqzFBAhtZqmxmiWsA,Cat Therapy,Santa Barbara,4.5,8,4.0
UQZe-qWOpGiyEPsTUko5Rg,Rascal's Vegan Food,Santa Barbara,4.5,9,4.0
USVks6B2Xkf0WLmLIiXqMA,The Hungry Cat,Santa Barbara,3.5,2,4.0
UTp0yIaYklWD5BbQKz_85A,Smithy Kitchen + Bar,Santa Barbara,3.5,7,4.0
UiJiURqivPDuvMsFgRF3yQ,The Honey B,Santa Barbara,4.5,1,4.0
UjgqSqa4Biy34pHSEdwj_g,Gino's Sicilian Express,Santa Barbara,4.0,1,4.0
Ul2yz_C9n-FOWxRdXaKeQg,Santa Barbara Hives,Carpinteria,5.0,8,5.0
Umywf9wstVwg30wROIrL_Q,Oveja Blanca Restaurante,Santa Barbara,4.5,7,5.0
Un-UDVOuv1co3TMmGaumxA,Shoreline Beach Cafe,Santa Barbara,4.0,8,4.0
UuRZpgZsHX7PyykHV3wbZg,Crushcakes & Cafe,Santa Barbara,4.0,10,4.0
V2cQOeZwPBmjpln6_p1Ygw,Stearns Wharf,Santa Barbara,4.0,8,4.0
V4lqQdll3_TAEtkrHDYbAA,Italia Pizza & Pasta,Goleta,3.5,1,4.0
VAIOtbsxdNmuhUKkQZFRlA,Renaud's Patisserie & Bistro,Santa Barbara,4.5,10,4.0
VC4jqq8Hu1_RjBFt8nHD2Q,Sugar Cat Studio,Santa Barbara,5.0,7,5.0
VJKpVv_l1g943WK6fxwZKQ,Blind Tiger,Santa Barbara,3.5,3,4.0
VOcGcN0bvGU_nzxbJgR5jQ,Bettina,Santa Barbara,4.5,1,4.0
VW7GMzoQNMqTs9_cM26LLw,Zaffiro,Goleta,2.0,3,2.0
VWL9UqAKfyvGeb0AlOTusA,Silvergreens,Isla Vista,3.5,1,4.0
VXxZJNSscbm5bpG5ll2rcQ,212° Hotpot,Goleta,4.0,5,4.0
VZhRxX3BzU09qK4UlXrN4g,Hugos Restaurant,Carpinteria,4.5,10,5.0
Vc-hDuD19_eeJ8ULZmLSCw,Stone Age Restaurant,Santa Barbara,3.5,5,3.0
VciWUuWgNshjkRDPHiFCoQ,Subway,Santa Barbara,3.5,1,3.0
VeFfrEZ4iWaecrQg6Eq4cg,Cal Taco,Goleta,4.0,9,4.0
VfH9vj-kkAiAwvKYCKzQ0g,The Nugget Bar & Grill,Carpinteria,3.0,3,4.0
VgAKmXE8B7J0I_O_R13UKQ,Santa Barbara Roasting Company,Santa Barbara,4.0,10,4.0
VhH_MGOiWsMVOJk1LHFVXw,Rudy's Mexican Restaurant & Take Out,Santa Barbara,3.5,9,5.0
VhWtlyWAH6Lw_XBXuKDWng,LaoWang Burger,Goleta,4.5,2,4.0
VqcHpG3ODZ4KHBhbxcL4-Q,Tacos Don Roge,Carpinteria,4.0,9,4.0
Vs1GKzhgYLBthayVNuIbGA,La Rumba Bar and Grill,Santa Barbara,3.0,3,3.0
Vt5gk5h5VlHXLu-cVKzOXw,M. Special Brewing Company,Santa Barbara,3.5,6,4.0
W5-2F8kftKARrEPLhQaZ8A,Tuttini,Santa Barbara,3.5,3,4.0
W7gSJz80DywKnPRIGjA2Bw,Derf's Cafe,Santa Barbara,3.5,3,4.0
W7zCBDLFv13fDzRXJefrrA,Mayo's Carniceria & Tacos,Santa Barbara,3.5,9,4.0
W8a_FYH-405MtR9_0U7sQQ,The Worker Bee Cafe II,Goleta,4.0,10,4.0
WIH1ptTMD7aII_qfeVeaRg,El Rincon Alteno,Santa Barbara,4.5,9,4.0
WQ0cLxAeRpkp6bZP89nDVg,Fat Burger Restaurants of,Santa Barbara,4.0,3,3.0
WQnjp_CEYTYKBBKJDME0bQ,Vons,Santa Barbara,2.5,3,3.0
WUGRmrfSzQCyeG6mYAM-vw,Yona Redz,Santa Barbara,4.5,9,4.0
WVNkMz4sEl35swjVtKHOFw,Alessia Patisserie & Cafe ,Santa Barbara,4.5,10,4.0
WfN-VixjWAbfe8efJEs3yQ,Renaud's Pattiserie,Montecito,3.5,10,4.0
WrU1ZYN4jlYcL5mvJrQsCQ,Night Lizard Brewing Company,Santa Barbara,4.5,6,4.0
WtGHHomZhFffiL0UiKjGkw,Little Caesars Pizza,Carpinteria,4.5,3,4.0
WuaB_R6EOFp0S8D5C8eKYw,Sublime,Santa Barbara,2.5,3,3.0
WxAIpTgD1tK_DgzwQ3Dgww,Mi Fiesta Market Deli,Santa Barbara,2.0,3,2.0
Wy8Hswf2cLQGRZN6armkag,Jack in the Box,Goleta,1.5,3,3.0
WzgtV5eNV7rwtJYJUiPJ2w,Mylestone BBQ,Goleta,4.0,1,4.0
XHxAIQR-QAz6j1RMaz_J1A,Giovanni's of Santa Barbara,Santa Barbara,3.5,1,4.0
XQY1_EorK7FMCffiftN0fA,Papa John's Pizza,Goleta,2.5,3,2.0
XXsofYxziipczzc3OFDD5Q,Caffè,Santa Barbara,3.0,10,4.0
XYxSB4DQ48O7J6AsnS-Ddg,State Street Wine Bistro,Santa Barbara,4.5,7,5.0
XgehM3pBZWuXi45J2dqRJQ,Green Table,Santa Barbara,4.5,1,4.0
XkZwD46WcsAlbpg1inwbLQ,American Ale,Santa Barbara,4.0,6,4.0
XkveGZ8pr9TL5bZCqmzuhA,Hustle & Grind Coffee Company,Santa Barbara,4.5,10,4.0
XleIcqVgh3iBeM4s-rdy6g,Javan's,Goleta,4.0,1,4.0
Xw_5QkLTyIEg6Hs-kXGNbg,Galanga Thai Restaurant,Santa Barbara,3.5,5,4.0
XwnkfMUiyH-OsJXbmbOK5g,Sushi Tyme,Santa Barbara,3.5,5,4.0
XyYsl2OyoMi6OMvzsdcVoQ,MIZZA,Santa Barbara,4.0,7,4.0
Y-qMi8FQYC6-wq-4wBA54Q,Carrillo Dining Commons,Isla Vista,4.0,2,3.0
Y57sylYCgq2VQJuBCnjPfA,Oku,Santa Barbara,4.0,7,5.0
YANEffRwcoMTLMfmeY1Y8A,Urkeb,Santa Barbara,4.5,2,4.0
YB689VFiOlzUTBRPiauDFA,Terraza Cafe,Santa Barbara,3.0,3,4.0
YGgGefpPTFhgthvQvMAGoQ,Lito's Take  Out,Santa Barbara,4.0,9,4.0
YHOr_9eSbIGhcecc4Uow6Q,Casa Don Roge,Carpinteria,4.0,9,4.0
YL50DFkSKhVFyfKZgYQA8Q,Simply Pies,Goleta,4.0,1,5.0
YREG51qk4bUoON1yR0enOg,Camino Real Marketplace,Goleta,4.5,3,4.0
YXKot5TH9MhC4khAn0JC3w,Altamiranos Restaurant,Goleta,4.0,9,4.0
YXaCcpETNtxrNNK6TbUTlw,Sachi Ramen And Robata Bar,Santa Barbara,4.0,5,4.0
YgS10SCzw13uGiC0wTDiaQ,The Taj Cafe,Santa Barbara,2.5,3,3.0
YgbIbmfDlB-bZSsjuIfKwA,Jack's Bistro and Famous Bagels,Santa Barbara,3.5,10,4.0
YiSr-W5BBX6uXnhWPxk82Q,Hoffmann Brat Haus,Santa Barbara,4.0,6,4.0
YrNtBUOUOYwmRZ_UVwH8iQ,D'Angelo's Bakery,Santa Barbara,3.5,10,4.0
Yucf_GqN-tVJl7XF1JAhMQ,Dickey's Barbecue Pit,Goleta,2.5,3,3.0
YxWiv24PHCseiVvGlqKFrQ,Woodstock's Pizza Isla Vista,Isla Vista,4.0,1,4.0
YzcchXErwyb_8FL6bVPwEA,Peabody's,Santa Barbara,3.5,3,3.0
Z0mBsgDzDnFAEC5o4X6G9g,Java Station,Santa Barbara,3.5,10,4.0
ZCURd9PiH4qdEjQfrIZzFg,Maggie's at State and A,Santa Barbara,3.5,7,4.0
ZJ1rSNQ49v3nbG5qWgwojw,Mexican Fresh,Santa Barbara,3.5,9,4.0
ZJzlns_dFkapVajmdFHGuw,Embermill,Santa Barbara,4.5,7,5.0
ZKi4F9BlA46rLvLyeIE3VA,Pacific Crêpes,Santa Barbara,3.5,10,3.0
ZRy4atrG3YHdb__qtE0FsA,Mulligan's Cafe & Bar,Santa Barbara,3.5,3,3.0
ZTg2GBgQj1WwAO5ySsTAQw,Beach Bowl,Carpinteria,3.5,1,4.0
ZY4M_fKW8aSUpsUzeh5fuA,Elements Restaurant and Bar,Santa Barbara,3.5,7,4.0
ZYqNIWch6Ik9wLZCa1hxkw,Tacos Pipeye,Santa Barbara,4.5,9,5.0
ZeGBAsyE8qcJsnWtmGWeBQ,Kaptain's Firehouse BBQ,Isla Vista,3.5,3,4.0
ZmQHzv1pf0fbk-tm8lu0EA,Downey's,Santa Barbara,4.5,7,5.0
Zqc8nrT3Z1IbQBckFuU3Fw,Matador Tapas Bar & Latin Steakhouse,Santa Barbara,4.0,2,4.0
ZrxlfdFU_qpnIHI2DmoRxA,Mesa Pizza,Santa Barbara,4.0,1,4.0
_6p_j0UL7ST3b2nvHw82eA,REBAR COFFEE + KTCHN,Santa Barbara,4.0,10,4.0
_RMb-HO3vInP6oa6jF8TLQ,Santa Barbara Woodfire Catering,Goleta,5.0,1,5.0
_T8tOBDr3NKNxd0yl5GwjA,Starbucks,Goleta,3.0,3,3.0
_Uyinj5wLMJ7x2cCfHO1Yg,Bristol Farms - Santa Barbara,Santa Barbara,3.5,3,4.0
_cWBP-lW9RETw77prVle1g,Bitterman's Deli,Santa Barbara,3.5,1,4.0
_ecVi-tVoaKHKYxNkxFj7w,Dave's Dogs Grill,Santa Barbara,4.5,6,5.0
_kJzi_k6LwtE3phJFxNOzA,Sorriso Italiano,Isla Vista,4.0,2,4.0
_nSL2u-ZzX6kkAF2D2EZgQ,Roof Top Bistro & Bar,Goleta,3.5,6,4.0
_swrAjNgk60HIGLVzHiqmA,Khao Kaeng by Empty Bowl Gourmet Noodle Bar,Montecito,4.5,5,5.0
_urnEsYdKg1wt057-8yA9Q,Globe,Santa Barbara,4.0,7,4.0
_v3DcLatG70adfYzWTd-CQ,Pacific Health Foods,Carpinteria,4.5,1,4.0
_vLfidpLDYHfZ_KnFZ75Lg,Super Cucas,Isla Vista,3.5,9,4.0
_ywevgEtI1SpZBtY3rILRg,Isabella Gourmet Foods,Santa Barbara,4.5,10,5.0
a1E2BPYnufFzb6YX2pplJg,Wahoo's Fish Tacos,Santa Barbara,3.5,9,5.0
a32M9H9nkkPGKTKB5W27NA,Enterprise Fish,Santa Barbara,3.5,2,4.0
a9K3jxNUUe6jr1uh8FsakQ,The Patio Cafe Santa Barbara,Santa Barbara,3.0,3,4.0
aD4ysR05o5-onOjYjJ8QiQ,Sam's To Go,Goleta,3.0,1,4.0
aFhPwy7OhyKah4cJY2QdEQ,Stonehouse Restaurant,Santa Barbara,4.5,7,4.0
aOLFlIQibMg_lT2X4qKM2g,Dean: A Coffee Shop,Goleta,4.5,10,4.0
aOVpnuzdFEIp87NpGyNDkA,Itsuki,Goleta,3.0,5,3.0
aQBWiMlM2nEIx3EIjLRGBg,Surf Dog,Carpinteria,5.0,8,3.0
aYMpjij5ShtEoZueMrQPRw,The Mill,Santa Barbara,4.0,6,4.0
aY_n9RSaD2Yw09jSFFePew,PizzaMan Dan's,Carpinteria,4.0,1,4.0
acqDz7WDsCS3WiLxHVceOg,Café Lido,Santa Barbara,3.5,3,4.0
agXGQ4DH4SqxtJxBHKjWIg,Muddy Waters Cafe,Santa Barbara,4.0,10,4.0
agXY9uFaWAhIzwWsRZB6gQ,Flagstone Pantry,Santa Barbara,4.5,1,4.0
apdwYbDYSOgD89eEa8yDcw,McDonald's,Santa Barbara,2.5,3,2.0
apmw_lkLdwWbeYiI9ysdJg,Bar 29,Santa Barbara,4.5,6,5.0
auh2m1mJ2ORJxpmPUJ9SYg,Ultimate Bagels,Santa Barbara,4.0,10,4.0
b0TBL7gSg2mduoFDgFQHoA,El Taco Tequila Taqueria,Santa Barbara,3.5,9,4.0
b1shfPbHpkeWtbGbz5iAtg,Rudy's Mexican Restaurant,Santa Barbara,3.0,9,4.0
b2Za53CjptGyf9K0fFnrAg,Petrini's Italian Restaurant - Santa Barbara,Santa Barbara,4.0,2,4.0
b5hxsRw76UUXcotxlCipuQ,Los Arroyos Mexican Restaurant & Take Out,Montecito,3.5,9,4.0
b8jbsZHfrGZCVPjI9KXV_g,McDonald's,Carpinteria,2.0,3,3.0
bBA62rVklEG2WUnvi8RtrQ,El  Sitio,Santa  Barbara,4.0,9,4.0
bDoeXKSLBvj5R5OYRBNv-g,Mediterra Market and Cafe,Goleta,4.0,1,4.0
bF30LqHuXYtR8ibaRbq2kw,Zizzo's Coffeehouse,Goleta,3.5,10,4.0
bFWH7wlto7jjjwce5ZV--A,Home Plate Grill,Goleta,4.5,1,4.0
bLnC1_-Kd_Z5qhHNQXCUfQ,Choppa Poke,Goleta,4.0,5,4.0
bPVPZeqMuYtU_yGCb4P-jg,Empty Bowl Gourmet Noodle Bar,Santa Barbara,4.5,5,4.0
bRlpi6k7wTSHHEapcLz_KA,Chipotle Mexican Grill,Goleta,2.0,3,2.0
bVaRZDHkWdsHuARGxxpREw,Sushi Bar 29,Santa Barbara,4.5,5,4.0
bXrQejeR66IwebuhxPS7GA,Metropulos Fine Foods,Santa Barbara,4.5,1,4.0
bbEXAEFr4RYHLlZ-HFssTA,The Original Habit Burger Grill,Goleta,4.0,1,4.0
bd0ew6pTvlP4f5KRfWK5jw,Square One,Santa Barbara,4.0,7,4.0
bdfZdB2MTXlT6-RBjSIpQg,Pho Bistro,Isla Vista,3.0,5,4.0
bjhCtlYHrkgA5Ku8l-rB3g,Our Daily Bread,Santa Barbara,3.5,10,4.0
bp482wqF6v80AltDNlPDfw,The Blue Owl,Santa Barbara,4.5,1,5.0
bvULUymFuaL_4Az8Vyxalg,Fosters Freeze,Carpinteria,2.5,3,3.0
c0p9TawJSQHchy5aL8NWgQ,Rosales Mexican Restaurant,Santa Barbara,4.5,9,4.0
c1oDGw0j9-Lxus_Xs7go8g,Itsuki Restaurant,Santa Barbara,4.0,5,4.0
c1tH5Btm_f7SQ-6ju22wag,Pollofino's,Goleta,4.0,9,4.0
c1xuic_qvUfSIr-if6nSUQ,Relais de Paris,Santa Barbara,4.0,7,5.0
c7GJVA-6lQxcH6QkrRiW0w,Hot Spots Espresso Company,Santa Barbara,3.0,3,3.0
c8BFvdscjkhieg0C_rx6vg,The Palms,Carpinteria,3.5,3,4.0
cAbdvzqtFLaAAMFIyPf2AA,Holdren's Steaks & Seafood,Santa Barbara,4.0,7,4.0
cBZJKUdFNSKHLI27Efy-uQ,GoToCafe,Goleta,4.5,4,5.0
cCi63HyU5XtjCaCVw0qJCw,M Kitchen,Santa Barbara,3.0,3,4.0
cJjzBIPfMmps5NhNowKPpA,Norton's Pastrami and Deli,Santa Barbara,4.0,1,5.0
cMd6d7T9ycU8DX0mVybNHA,Haggen Food & Pharmacy,Goleta,1.5,3,3.0
cOoTIQ0RcudE1R5aRVZzdw,The Garden Market,Carpinteria,3.5,3,4.0
cQDwJjslebJv5Co7gCm2Yw,Cafe Ana,Santa Barbara,4.0,10,4.0
cVW9b_1bqsvTU1jhGNWUsw,Yoshinoya,Santa Barbara,3.0,2,3.0
cZ6sHHLv7VSmuFSxP6sQLg,Lao Wang,Goleta,3.5,5,4.0
c_a38vt6v2tRq-VjdTZHZw,The Monarch,Santa Barbara,4.0,7,5.0
cbX2XHrun39yJBND451_oA,Goleta Bakery,Goleta,4.0,10,4.0
cbkrO0zra1OiNGvtjw2igQ,Wok On the Wild Side,Goleta,2.0,3,3.0
cpaMCrmG7WK10tJ4c_GXow,Sanba IM,Goleta,4.0,5,3.0
crlk8kaurC4zrPUTt7BevQ,Chubbies Hamburgers,Santa Barbara,4.0,1,4.0
ctVn7wMvJX8f4Z9SnOnrHw,The Bistro,Santa Barbara,3.5,3,4.0
cyaDjqjhtRbpd5Og5dFoZg,Boondocks,Santa Barbara,2.5,3,3.0
d-5kMts7CzenaPgDzesQDg,Domino's Pizza,Goleta,2.5,3,2.0
d0E938M2_4kcuULUdnj-Xw,Brass Bear Brewing & Bistro,Santa Barbara,4.5,6,5.0
d0ybsdCs9S9DTDTxuwLbKg,La Tapatia,Goleta,3.0,9,3.0
d1sY9JkgkGt3_P2fWZ2eFw,Apero,Santa Barbara,4.5,7,5.0
d35qSICZEJDIuGUIUIbkgw,Taco Bell,Goleta,2.5,3,2.0
dQ6d9H7rnFSOSC_FXbJ_FQ,Blenders In the Grass,Santa Barbara,4.0,1,4.0
dYNKHYBxA_SQZBrCKZi4JA,The Grilled Cheese Truck Stop,Goleta,2.5,3,4.0
dbydQdzf0uEsvQ9y7SKT7w,Sandpiper Grill,Goleta,3.5,8,4.0
ddm-u31cWT7Uq097opQUuQ,XO Burger,Santa Barbara,3.5,1,4.0
dinxDxiWFUkEpxpIzaGHMQ,Casa Blanca Restaurant,Santa Barbara,3.5,3,4.0
dq4BvgEvM4vPOqjmIjAMBQ,Meat n' Potatoes,Goleta,4.0,2,3.0
dsNKRi0XlMm7JOWbVk0Nvw,Vicentas Mexican Cuisine,Goleta,4.0,9,4.0
dutm97q2F4a6RV6YQ0uLHw,Crush Bar and Tap,Santa Barbara,5.0,7,5.0
dvs-RLII_zdcxfjoqOFJzw,Saigon Noodle House,Goleta,3.0,5,3.0
e-iakFOQCVEEr0-ygBKPog,YoYumYum Frozen Yogurt,Carpinteria,4.0,3,4.0
e0DU7_0mfalr-lnyUafiag,Via Vai Trattoria Pizzeria,Montecito,3.5,3,4.0
e63pcbZaXxSY_YyhBol-bw,The Roundhouse,Santa Barbara,2.5,3,3.0
e8IBUW8tO5XlmgD4fSMtqA,Taco Bell,Goleta,3.0,3,3.0
eBxc95u_Gcs9bLST0UntOQ,Santa Barbara Chicken Ranch,Santa Barbara,4.0,9,4.0
eCnHSfwrco1Vs3m-iRcavw,Timber's Roadhouse,Goleta,4.0,3,4.0
eFn-8QlFGdkT_B-bWigtFQ,Rose Cafe,Santa Barbara,4.0,9,4.0
eGI_WepIIjYahIrMVRknfw,Sizzling Lunch,Goleta,4.5,5,4.0
eHRzuUXA2jrR99ecioWU4g,Union Ale,Santa Barbara,3.5,6,4.0
eTVtHkrdoh8plErbmRhTfw,Oaxaca Fresh,Carpinteria,3.0,9,3.0
eUIsUpG6KAonYxGoExzy2Q,Costa Kitchen & Bar,Santa Barbara,5.0,7,5.0
eX7o_-s5TmDT-DMfTV4cmw,Luckys Steakhouse,Montecito,4.0,7,4.0
e_LmE84zjkowFcQUd4sdfw,Downtown Brewing Co,Santa Barbara,2.5,3,4.0
ebJav941naDgngDP2EIRHw,Panda Express,Santa Barbara,2.5,3,2.0
edDmC1Zcr5SVczbKBfiXqw,Montecito Village Grocery,Santa Barbara,3.0,3,3.0
edJoBsse6nsF0BYh6pATAg,The Palace Grill,Santa Barbara,4.5,2,4.0
eikRexw04kC6siBDkFnayQ,Shalhoob's Funk Zone Patio,Santa Barbara,4.5,6,5.0
ejqpFQ0dwO7AZhxTO9fySg,Bossie's Kitchen,Santa Barbara,4.5,1,4.0
enl5_0c6njSeiG2ZgieQJA,Sharky's Woodfired Mexican Grill,Goleta,4.0,9,4.0
eoH4nxBTSu6kf-41pWDwJQ,Nutbelly Pizzeria and Deli,Carpinteria,4.0,1,4.0
er6TqaBx6m2xpKJhqD74FQ,Rudy's Restaurant,Goleta,3.0,9,4.0
eukRpR47MDH4XXfU_Dul9Q,Madam Lu,Santa Barbara,3.5,2,3.0
ezecrJKXHg4MgKVMHeAJ1g,Santa Barbara Wine Spa,Santa Barbara,3.5,3,4.0
f3eve2cxUIzyanWnHdMtFQ,Corazon Cocina,Santa Barbara,4.5,9,5.0
f6eBJT2jiXXBkrlHdJMbcA,Gladden and Sons Produce,Santa Barbara,4.5,1,5.0
f7S0WFDy_J1TGahYhnoMLA,OPPI’Z Bistro And Natural Pizza,Santa Barbara,4.5,7,5.0
f7sw_jTKAcFeLFJjNnHjUQ,Santa Ynez Burrito,Goleta,3.0,9,4.0
fAiPD2OIEm9wtS7uJqzu5Q,Natural Cafe,Goleta,4.0,1,3.0
fApb6LKfOdy5u7MP0hsHKg,Kyoto,Santa Barbara,3.5,5,3.0
fHUAs1ec568wu-a_mRq7Rw,Jack in the Box,Santa Barbara,1.5,3,2.0
fI8StEUxDaZYWiMss8gS4Q,El Sitio,Isla Vista,4.0,9,4.0
fKrmWy4GFsrgdOYhN9pyZA,Trattoria Vittoria,Santa Barbara,4.0,7,4.0
fLfU-Gw7eWx-7kHQh2tH9A,The Barbecue Company,Carpinteria,3.0,2,3.0
fLk_N8vU25DNZmbU-70gkw,Chipotle Mexican Grill,Santa Barbara,3.5,3,3.0
fMWi5o0U30MK2JgvRl_blA,Mama Lu,Santa Barbara,3.0,3,3.0
fVUurZgbWXzp2QzDzJzmpA,Pickles & Swiss,Santa Barbara,4.5,1,4.0
fiQxkb1pfPpvrr0oYYYBcA,The Daisy Restaurant,Santa Barbara,5.0,7,5.0
fiXeirZ9GpJxe7yRpuKiBg,Soul Cal Smokehouse,Santa Barbara,3.5,2,3.0
fnGZspqyamRremXor0sAyg,Frog Bar & Grill,Santa Barbara,4.0,8,4.0
fp7IHO1z53wYP4PzKSl11g,New China,Goleta,3.5,5,3.0
fqStx0SvwMFChX_HIdUeEQ,Wine Cask,Santa Barbara,4.0,7,5.0
fzDcZVrT5XQmd1t_W0AguQ,Flaming Grill,Goleta,3.0,5,3.0
g0lCOgLkkByZrhmwYzP5KA,Nuance,Santa Barbara,4.5,7,5.0
g5J9OJ5e8SgLYd2DL8_K9w,Disfruta,Goleta,4.5,9,4.0
g9MWxLxQdADqja0qN1HKkQ,Carp Kitchen & Grocery,Carpinteria,5.0,1,5.0
gAtJa5l8DC_IEBIp7ioTMw,The New Black BBQ,Santa Barbara,3.5,2,3.0
gO3TIUbgD5fZiJuezx0kFA,The Manor Bar,Montecito,4.5,3,4.0
gUvG-W-02lg5M1RY6n8bkA,Lilsy Wood Fired Pizza,Santa Barbara,4.0,1,4.0
gYrHa4CckDjgOQc5B-yTKA,Reds Bin 211,Santa Barbara,4.0,3,4.0
gdEZfd6RFXYmmXX71RDvbA,C'est Cheese,Santa Barbara,4.5,1,5.0
gebiRewfieSdtt17PTW6Zg,Hibachi Steak House & Sushi Bar,Santa Barbara,3.5,3,4.0
gg5jIrK0cQbb3rmZHrteUw,Jersey Mike's Subs,Carpinteria,2.5,3,2.0
ghLjxj4HoSHdflBEz2lIqA,Gelson's,Santa Barbara,3.5,3,3.0
gjCxTVItFxk46rCZ-YaiFA,South Coast Deli- Chapala,Santa Barbara,4.5,1,4.0
grBPIq_eJCT_SGuhvMrUZQ,Blaze Pizza,Santa Barbara,3.5,1,4.0
gsXBNWHWhHv_f9NcwpVajw,Lighthouse Coffee,Santa Barbara,4.5,10,4.0
h7felG8kSEuYpkYBhMwCmA,Q's Billiard Club & Sushi-a-go-go,Santa Barbara,3.5,3,3.0
h8DlM-VbvCNzpsTqihgUAw,Jack in the Box,Santa Barbara,1.5,3,3.0
hDr_bt6MEwlGvGCCKzyzhg,Goleta Coffee Co and Loca Vivant Kitchen,Santa Barbara,4.0,10,4.0
hEpRFnkUl4C6NVOVSMiTVg,Sunny Asian Restaurant,Santa Barbara,3.5,5,3.0
hFYKu5SujPYf_tmnoiKozw,Pressed,Montecito,4.5,3,4.0
hJr6xw5Jn20ag2rHopI4eg,Deano's Pizzarama,Santa Barbara,4.0,3,3.0
hLUqElKTjOzpt_ZXkWVuiA,Montecito Cafe,Santa Barbara,4.0,7,4.0
hPzPpfSjgQkpWCD7YjcY-A,Lilac Pâtisserie,Santa Barbara,4.5,10,4.0
hRoAwkrCWaqjBuYs4i9EYw,Taqueria La Colmena,Santa Barbara,4.0,9,4.0
hVKH5oED9NgGaZeIiF547A,Backyard Bowls,Santa Barbara,4.0,1,4.0
hYlAyz4RM1kE7ErPhPQ2xw,Rancho San Marcos Golf Course,Santa Barbara,4.5,8,4.0
hdCu74rz33m3EgDmdDn1SA,Dave’s Dogs,Santa Barbara,4.5,6,5.0
hfN0fllM3m2jykAgToRTlQ,Mezza Thyme,Santa Barbara,5.0,4,5.0
hlb7WwqcCijqqbp8zye1dw,Noemi Pizza Romana,Santa Barbara,4.5,1,4.0
hoDYuaDkTNvqAZdxruZADQ,Epic Bowl,Santa Barbara,3.5,1,4.0
hrEtM0WMgwhv19mzVnKiJQ,Magic Pita Cafe,Santa Barbara,4.0,1,4.0
hsHeiukmYUWH9L7CDX5Zow,Overlook Cafe,Goleta,3.0,3,3.0
hvynpnucDVWFpCPSruuaBQ,Pita Pit,Isla Vista,3.5,1,4.0
hxghdsVS3nJr1Y_KMobfeg,Subway,Goleta,1.5,3,2.0
i2yCrMQx5soH0jMFG32vxQ,KFC,Goleta,3.0,3,3.0
i3pBufSYEgx3_nLxxRrtGg,Maeda Restaurant,Santa Barbara,3.5,3,3.0
i5C6RVgr03HSrgCl8oa1Fg,Patxi's Pizza,Santa Barbara,4.0,1,4.0
i9ASBmmIJS3RjN_UP-TtKw,Starbucks,Santa Barbara,3.0,3,3.0
iAE5tMDs1XSudlEzG-Z3aA,Spice Avenue,Santa Barbara,3.5,5,3.0
iBBV8vesQ8fo2IQA7an1JA,Jane,Santa Barbara,4.0,7,4.0
iBGR1hX6To3FGtCgCgDtqQ,Feast and Fest Catering,Santa Barbara,4.5,7,5.0
iFlEWAwE1MwcXREzgLNIsQ,Pick Up Stix,Goleta,3.5,2,4.0
iHdrLu8deF5GceB0V1rPhA,Oliver's,Santa Barbara,4.5,7,5.0
iMTjejk6apJKzCukZnDw5A,Jeannine's Bakery & Restaurant,Montecito,4.5,10,4.0
iOYjF9CY-X3KY5wS5opyfg,Cliff's & Co Restaurant,Santa Barbara,3.5,1,4.0
iT78kOB6Ja3BJQdYipPa5g,Los Arroyos Mexican Restaurant & Take Out,Goleta,3.5,9,4.0
icGg8xgDJVufg-xptMrDGw,Denny's,Santa Barbara,2.5,3,2.0
idi-W3_au-lXyJQmHTmhAg,Chilangos,Santa Barbara,3.5,9,4.0
ifjluUv4VASwmFqEp8cWlQ,Marty's Pizza,Santa Barbara,4.0,1,4.0
ixROUxJqrczeYUT0z0MCHg,Taste Wine Bar & Retail Shop,Santa Barbara,5.0,7,5.0
izSgTrqebu8bN8ONOCs6cQ,Oat Bakery,Santa Barbara,5.0,1,4.0
j-lxie7nEh3UeUTpiqekkQ,Presto Pasta,Santa Barbara,3.0,3,3.0
j3Ml_qEFnDOaH5miNzG6xw,Rose Cafe No 2,Santa Barbara,3.5,9,4.0
j3rAeZ9rnUwEDEQJQ7OWDQ,Aladdin Cafe,Isla Vista,4.0,6,4.0
j6TDQvbRoMszGR0hyaVxvw,McDonald's,Goleta,2.5,3,3.0
j8c8WFqySY1eybnkJfgjSg,The Revere Room,Montecito,4.0,7,4.0
j8tjQlMu3I-qia241vTEXw,O Street Truck,Santa Barbara,4.0,9,4.0
jKocMyXjEqgb9dL9S5vrEA,Yankee Noodle,Santa Barbara,4.0,5,4.0
jMAQupx06hHjie54wV2yNQ,Ruth's Chris Steak House,Santa Barbara,4.5,7,4.0
jR3sTUWCPuOCWpdm8Pn-wQ,Sun Sushi,Santa Barbara,4.5,5,4.0
jW4a3W9-UkFxpglHvo_Kqg,Meun Fan Thai Cafe,Santa Barbara,4.0,5,3.0
jWgZRpdHy8csA1sUz1auSw,Daniel's Bakery and Mexican Food,Santa Barbara,3.5,9,4.0
jZAU0OShjmcxIhkruFlZng,Coast Restaurant & Bar,Santa Barbara,3.5,7,4.0
jZncFsMQdrq268OHq_Q6uw,Super Cuca's Taqueria,Santa Barbara,4.0,9,4.0
jfRq1KtjEGyPoMo9HZVw2Q,The Set,Santa Barbara,3.5,3,4.0
jfW3_wYOj09pCOHJQB74_w,AR Catering,Santa Barbara,5.0,2,4.0
jgd4xLWZ2_YEBiQgdvwztw,The Buzz Hive,Santa Barbara,4.5,6,4.0
jh40gx3wcYX0NL_i2Dip-A,Sal's Pizza,Santa Barbara,3.5,1,4.0
jrSC1bwN2lz9dVBrNTejSg,Jack's Bistro & Famous Bagels,Carpinteria,3.5,10,4.0
jshnKTsnoXLSez5XD1qo7Q,McDonald's,Santa Barbara,2.5,3,2.0
jssubXBNkiSJIhbKuDtmpQ,Sushi Teri House,Santa Barbara,3.5,5,4.0
jtECV91z0BVPyeu90wnCjQ,Cajun Kitchen Cafe,Carpinteria,4.0,10,4.0
ju4YP8SLdR_BmWr_-Xh83Q,Phamous Cafe,Goleta,4.0,5,4.0
k1XGvBoPAXdPoGC2W-f2aA,Kanaloa Seafood,Santa Barbara,4.0,2,4.0
k27OsQ3Bwpkr_cZkS2BO2A,Yen Ching Restaurant,Santa Barbara,2.5,3,3.0
k3lTRgvPvYUI-cX7_TAqNA,University Club of Santa Barbara,Santa Barbara,5.0,7,5.0
k6Ptrc94R-Mk549pDEVTFA,The Natural Cafe,Santa Barbara,4.0,1,4.0
kAGknILVe6xCv9a2uc5JHw,Subway,Carpinteria,2.0,3,2.0
kHOXo-IZSpixpctmHsGlyA,The Beach Grill at Padaro,Carpinteria,4.0,6,4.0
kV1u9p8AEV7ItPlgXVODxA,Thai Kitchen,Santa Barbara,3.5,5,4.0
kZtl_NJjUnlIQgzFrBhXyQ,Ichiban,Santa Barbara,3.5,5,4.0
kbWKwvLXfJm5sLVfw-Foww,Jill's Place,Santa Barbara,4.0,2,4.0
kdowTW3-5Qcr8je9LgItKQ,Little Dom's Seafood,Carpinteria,4.0,2,4.0
kfK0iQyhLIN3gOIzbLYwFw,Ruby's Cafe Santa Barbara,Santa Barbara,3.5,3,3.0
krTxH1a9kzWgwvt3PVH8pQ,Zookers Cafe,Carpinteria,4.5,7,4.0
ks1BsT_1dncllU4YM7C2Qw,805 Deli,Santa Barbara,4.0,1,3.0
kwqXOtLCbNjgvwuMj4H1AQ,Montecito Gourmet by Village Cheese & Wine,Santa Barbara,4.5,1,4.0
kwtKZ3fzM5jlR8Z7KIA17g,Backstage Dueling Piano Bar,Santa Barbara,5.0,6,4.0
kxxexMsFL4xJLIafhXXFlw,Esau's Cafe,Santa Barbara,4.0,10,4.0
l-rGtJt0E7PAklT0IK7oFQ,Four Seasons Resort The Biltmore Santa Barbara,Santa Barbara,4.5,8,4.0
l7NDxnGzb6z2_H08rtfS0w,La Hacienda Mexican Restaurant,Goleta,4.0,9,4.0
lBIIzOvyq4z6MDRmkrjpyw,Lao Ma Tou,Santa Barbara,3.5,5,4.0
lNECraPTMtUPDJPjmF0tVA,Crocodile Restaurant & Bar,Santa Barbara,4.0,7,5.0
lNkxXDcNoHBpWDNPoZesYw,Caruso's,Montecito,4.0,7,4.0
lTVHJAvtFQbQb6cPstEXyA,China Bowl & State Street Cafe,Santa Barbara,2.0,3,3.0
lXgITG2Ji6mhAPOmw4TRng,Romanti-Ezer,Santa Barbara,3.5,9,4.0
lZ44dxn1TCzJaVBa8Ze8DQ,Sushi Teri,Goleta,3.0,5,3.0
l_slvEnh4v3W8BXF1gYlcQ,Baja Sharkeez,Santa Barbara,3.5,3,4.0
lbHEB5BIm-3GfpvdzSwFLw,Billies,Santa Barbara,4.0,3,4.0
lkwj0-9Sc_anMVNlnuqYAA,Mojo Coffee,Goleta,4.5,3,3.0
lmKb382_WPMU4svBenUwHA,Gandolfos New York Deli,Santa Barbara,2.5,3,3.0
lmQjsnT_IK_OOdsbghiojw,Miro,Santa Barbara,3.5,7,5.0
lnGHZ_pEJNGT9pcGQ467Ew,Treehouse Restaurant,Santa Barbara,3.0,3,4.0
lq7dE9c10OvRfd_edJoyMg,Due Lune Cucina,Santa Barbara,4.0,7,5.0
lqwbnNd_SXzkIK_pkU2FkA,D'Vine,Santa Barbara,4.0,1,4.0
lu2UpRHLBZfvLG_caNEHKQ,The Natural Cafe,Santa Barbara,4.0,1,4.0
lwbFhaGaKUtwPdaXXjy3mQ,The Waterline,Santa Barbara,4.5,6,5.0
m-EfDi7UBwdiEBm7NXqq3w,Pizza My Heart,Isla Vista,4.0,1,4.0
m4kvY0viCwxqRtgOycnKVQ,Mony's Mexican Food,Santa Barbara,4.5,9,4.0
m4xrhESFLaA7PiddXeg2aw,Pierre Lafond Wine Bistro,Santa Barbara,3.5,7,5.0
mAe2vv24uxf6MlR4-yXSSg,Uncle Chen Restaurant,Carpinteria,4.0,5,4.0
mAqgsZBTN-wsShMpkz2o9g,Cantwell's Market & Deli,Santa Barbara,3.0,3,3.0
mMuvlDGcJrokNFd4ob9tcw,Feast: The Cafe at Field + Fort,Summerland,4.0,10,4.0
mNmUN0HghVFeAYTJ5GwxoA,IHOP,Carpinteria,2.5,3,2.0
mQ9CsjWobwak1PMvZTSPQg,Jersey Mike's Subs,Santa Barbara,3.5,1,4.0
mTXJ2v6HbikFjpDqeLyOnA,Country Catering Company,Goleta,4.5,1,4.0
mYofSuxrIrPS2Gjsu-ZI4w,Eller's Donut House,Santa Barbara,4.5,10,4.0
mZ-pJSdAVrBa7ioXVzE7-Q,Marbella,Santa Barbara,3.5,2,4.0
me_-zWgGZATKrljrJ-jvKA,Pasta House,Goleta,3.0,2,4.0
mjMJxBpW_Pg1b4duNPJsTA,Tri Tip Company,Santa Barbara,4.0,2,5.0
n-l92t6SSJn_hqtpaJXdwA,Dogtown,Isla Vista,4.0,1,4.0
n0Z10UAJO187H8Zp8gl-rw,Arlington Tavern,Santa Barbara,4.0,7,4.0
n67s7eDowWHlfhVtCElxGQ,Belcampo Meat Co Restaurant,Santa Barbara,4.0,2,4.0
n6reYUBVF9buglcojgB0FQ,Harbor Market & Deli,Santa Barbara,2.0,3,3.0
nAZEMdurfbWLxl9dryfgeA,Wake Cup,Isla Vista,3.5,5,4.0
nB0dV8yPv29F3-CFMPG8cw,Joe's Cafe,Santa Barbara,3.5,3,4.0
nMn4CTJQPXqpgLltYQrxMA,Cajé Coffee Roasters - Haley St,Santa Barbara,4.5,10,4.0
nTZuJSfwCoNOyA1yS3rbOQ,The Silver Bough,Santa Barbara,4.5,7,4.0
nYPzsOjvida-ne7swSPHpA,Santo Mezcal,Santa Barbara,4.5,9,5.0
n_RyzuCAiR4yW2JLkl0Jng,Cafe Shell,Santa Barbara,2.5,3,4.0
n_fADQa8T0dgLd-D8ABEhQ,Bevmo,Goleta,4.0,3,3.0
ng12rnK6ZGFddlC15c6Pqg,Haggen Food & Pharmacy,Santa Barbara,1.5,3,2.0
nhOMsw22-rz9kXSKwBZYAQ,Miracle At The Funk Zone,Santa Barbara,4.0,7,4.0
nkLla0nBTUPL6yj-zX6eaw,Cafe del Sol,Santa Barbara,3.5,9,4.0
nnn78cplvQGZSMVblpI5gQ,Mandarin Palace,Santa Barbara,3.0,5,3.0
noiUCN8A9Vdm9pUbWX6K-w,Tydes Restaurant,Santa Barbara,4.0,8,5.0
nqsrL6BuIevb285dbdXjjA,Subway,Goleta,2.5,3,3.0
nx01nL2of3ngBwA6XZYqEg,Hotdog Mini Mart,Santa Barbara,4.5,3,5.0
o0AG9SfwVaZ00cURT7Q-Ag,Ruby's Diner,Santa Barbara,3.5,2,4.0
o4IiNbNybcy-L4vzTSoDJw,Ca' Dario,Santa Barbara,4.0,7,4.0
o7NjFfP5ENPBLXsSnBcrlg,The French Table,Santa Barbara,3.5,7,4.0
o9dB3ptlB9qdiOvJzMeSLw,The Nugget Bar and Grill,Goleta,3.5,3,4.0
oGDGlUbOjHxmmCh8ZYcDCg,The Lark,Santa Barbara,4.0,7,5.0
oH1xQrw8SBPhUQUlqjNZPQ,El Rincon Bohemio-Goleta,Goleta,3.5,9,4.0
oJwMmSZKJOnMboZ_z67MZw,Revolver,Santa Barbara,4.5,1,4.0
oS02owt-XB2RtDbogYyn-A,The Coffee Bean & Tea Leaf,Santa Barbara,3.5,3,3.0
oTcezJoCe30NrwiNFsoLXQ,The Little Door - Santa Barbara,Santa Barbara,4.5,7,5.0
oYireVavpwflbyWes2BsqQ,Pueblo Pollo,Santa Barbara,2.5,9,4.0
od_MWVpghkvSsl1HKasM9A,Blenders In the Grass,Santa Barbara,4.0,3,3.0
odpuyU1jGDhhQ54d3dG3sQ,China King,Goleta,3.5,5,3.0
oinV9xrSkR3b_T8sK1nsqg,Bibi Ji,Santa Barbara,3.5,5,4.0
okc-iCgWvKGa1DfQSOh1Ig,Milpas Taqueria,Santa Barbara,4.0,9,4.0
oktohqIGhMQxOP7h5ugHlg,Julienne,Santa Barbara,4.0,7,5.0
omnCKxL0f_akh0eYeJxjDg,Seven Bar & Kitchen,Santa Barbara,4.0,6,4.0
onLwomlGswMhhmOEAeAVEg,The Spot,Carpinteria,3.5,1,4.0
opcGJ-lCNTLhRRuGxVkCnw,Brasserie Solera,Santa Barbara,4.0,2,4.0
oq4-qHT6EJeR81GBDq1OVg,Italian Grocery & Deli,Santa Barbara,4.0,1,4.0
p2kC-cD22QAQzIGD8ZuqFA,Peet's Coffee,Santa Barbara,4.0,10,3.0
p5rXRkSJtAKcWd4GY71avQ,The Mex Authentic,Santa Barbara,4.5,9,4.0
p6yHZaiijFq4b4P3sYSRjA,Merci Montecito,Montecito,4.5,7,5.0
p73i2GDzPRZJbYBa8qtpSQ,IV Drip,Isla Vista,4.0,10,4.0
pBPfWo_WfHVVkSKD_P3osg,Lucca Truck,Santa Barbara,5.0,7,5.0
pC0vDDpl_2ue3HGAmGpMSg,Ridley-Tree House Restaurant,Santa Barbara,3.0,3,4.0
pGtaxpSxxpmqPs6FAR1W_A,A Piece of Cake,Santa Barbara,2.0,3,3.0
pKSB4wXLiS8rd1cAEgD8oA,Shaker Mill,Santa Barbara,4.5,6,4.0
pQ7eCSOtLI3CaZX-TEvX4A,Whale Tail Deli,Santa Barbara,4.0,10,4.0
pUeTnGsnVi-H8RJ6prFFgw,Little Caesars Pizza,Santa Barbara,2.0,3,2.0
pWDE_rueENu_f5HKA_AsWw,Dune Coffee Roasters - Storke,Goleta,4.0,10,4.0
pqF3WkYktbR28uk2PSR7Rg,The Neighborhood Bar,Santa Barbara,4.0,6,4.0
psZB8nX22WvadV3iUShUBg,Wendy's,Goleta,3.0,3,3.0
pwblP3G6LkVT03I4z9kb0A,Mad Dogs,Santa Barbara,3.0,3,4.0
pyFEy1qXkmYJDHxVvpK7cA,New Si Chuan Garden,Santa Barbara,4.0,2,3.0
q-1ICFSqs2MwDGfe5tX-SQ,Yellow Belly,Santa Barbara,4.0,6,5.0
q0DRuEAxE5i57xNSTrDP4Q,Naan Stop,Isla Vista,3.5,5,3.0
q36uZc2hQml10YGHazJaoQ,Secret Bao,Santa Barbara,4.5,2,3.0
q3z5nfCo6HmXBPgJ4OXrtg,Paradise Store & Grill,Santa Barbara,4.0,6,3.0
q6661I3CGW0UB740E5Zjfw,India House,Santa Barbara,2.0,3,3.0
q75UQjNm6AEK4XNnkDLxTQ,The Project -- Corazón Cocina & Taproom,Santa Barbara,4.0,3,3.0
qJqTXdv2ukMDUYGb-oAG-w,El Pollo Loco,Goleta,2.0,3,3.0
qM2gfO-cqpDzxmIX-XzuWA,Plow & Angel,Santa Barbara,4.0,7,4.0
qNXAR7i6Tb3m0J0UBurj6g,The Food Liaison,Carpinteria,4.5,1,5.0
qVitsouI4aBiYx1_Fjn0Pg,Foxtail Kitchen & Bar,Santa Barbara,4.0,6,4.0
qZpvAB0CL3n3r9JYJnyBgg,Z's - Taphouse & Grill,Goleta,3.5,6,4.0
qcWH6YUyPFXUYka3rV8m8w,Hanamura Cantonese Dim Sum,Isla Vista,2.5,3,3.0
qdCGZDlBuetCWcV9rrU05Q,Del Valle Grill,Goleta,4.0,9,4.0
qdpdUjdkEUpzYDdce2yZng,Plaza Deli,Santa Barbara,4.0,1,4.0
qnv_h-O1DzaHIL1sKrI-Yg,La Carreta,Goleta,4.0,9,4.0
qsc66GLioJicWLYn7VG9LQ,Spa Café,Goleta,3.5,2,4.0
qvXw3V4_9Pu4E7Qoi7-cKA,Fala Bar,Santa Barbara,4.5,1,4.0
qx2YTFXfVDwQUfOeWCFfbw,Jersey Mike's Subs,Santa Barbara,3.0,3,3.0
qyLw23TAfWNJMSuIJBpc8A,Costco Food Court,Goleta,4.0,3,3.0
qyXcWGL5-bU_uV2VKxqzTw,The Habit,Santa Barbara,4.0,1,4.0
r2IhvKZQ_wLR5mLBnPOilg,The Honor Bar,Santa Barbara,4.5,6,4.0
r8tU21scBflMxWiBESPtRQ,Shang Hai,Santa Barbara,4.5,5,4.0
r926yelr_EJAKQCjdD6AWA,State & Fig,Santa Barbara,4.0,10,4.0
rBCjulqDR1IKgGE7TNSJ0g,Dublin's Sports Grill,Isla Vista,2.5,3,3.0
rH80UXr5YBv4um7phwwwMw,Crushcakes & Cafe,Isla Vista,3.5,10,4.0
rPVmM0aJbC6lU_mnDiZ2Rw,Tee-Off Restaurant and Lounge,Santa Barbara,4.0,2,4.0
rU8HgGMR8Qd8_SkvKANdEA,iGrill Korean BBQ,Santa Barbara,2.5,3,3.0
rUePoREIOze59D3fd6B6ew,Domino's Pizza,Goleta,2.5,3,2.0
rh6O8NtKJUhqZ0G2Pkpj2Q,Yume Sushi Japanese Restaurant,Santa Barbara,4.0,5,4.0
rlfWeYI1SLvC8ZKM_OvXWA,A Slice of Woodstock's,Santa Barbara,4.0,1,4.0
rxH22mT81ht_n3cGTbWi4A,Beans BBQ and Catering,Santa Barbara,5.0,7,5.0
s4k1P9FHfPUzw3dqXRp7eA,LOKUM Turkish Delight & Baklava,Santa Barbara,4.5,10,4.0
sCJEbsv0KEsx_IifiFjGDQ,CHOMP on the Rocks,Santa Barbara,3.5,3,5.0
sNyHfboSOs-ESN76cYFfTA,Santorini Greek Island Grill,Isla Vista,4.5,1,4.0
sQFk2gZFUCmLhfYX0ufPbA,Kahuna Grill,Santa Barbara,3.5,1,4.0
sXaIwcg_nV79tPMenha6hw,Cantina,Isla Vista,4.5,9,4.0
sZHLbLnw1vwHF1xDzuV1iw,Foley Food and Wine Society Tasting Room,Santa Barbara,4.5,8,5.0
sc-MRSa8K0BTE5m3tmgrQw,Clementine's Steak House,Carpinteria,4.0,7,4.0
scH9yupjqMr-XP3bzJGY0A,Wildwood Kitchen,Santa Barbara,4.0,2,4.0
sdzD-6O7eKIYgF9WzOuasg,Max's Restaurant & Cucina,Santa Barbara,4.0,7,4.0
sj2o49ZCq2iJlZxDNrHDaA,Institution Ale Company,Santa Barbara,4.5,6,4.0
sjNVeNqhDjEFHoOybnt2ug,Meun Fan Thai Cafe,Goleta,3.5,5,4.0
sjWf71VmU5HIwqX8RGCLJw,Riviera Bar,Santa Barbara,4.5,7,5.0
sk0IM8koYo1o9-k_rpkmxQ,Taqueria Santa Barbara,Santa Barbara,4.5,9,5.0
skY6r8WAkYqpV7_TxNm23w,Boathouse at Hendry's Beach,Santa Barbara,4.0,8,4.0
soaZ7_oU7xcphlw6gpWblg,Starbucks,Santa Barbara,3.0,3,3.0
sor6oj-nuslOcSx7di4urA,Santa Barbara Fish Market,Santa Barbara,4.0,8,4.0
ss7TePuqCeqJXhVtsKTwow,One Piece,Goleta,1.5,5,3.0
ssZSQ7HzLFBbm41gWubXKQ,Costa Terraza,Santa Barbara,3.0,3,3.0
svKDkmALJNcToJxEsU_bpw,Barcliff & Bair,Santa Barbara,4.0,10,4.0
sxuv5uZU15UHGT_HB1xYxQ,Islands Restaurant,Santa Barbara,3.5,3,4.0
syuKX2pH3JJhOOppzNI6SA,Yoichi's,Santa Barbara,4.5,7,5.0
sz5SMsTOTAshdfsaK98-TA,Jane At The Marketplace,Goleta,4.0,7,4.0
tA1IXs5GeNAqnJgaD4ajZA,Rusty's Pizza Parlor,Goleta,3.5,3,4.0
tGQytMbOXDdZS_OSK9hkBw,Louie's California Bistro,Santa Barbara,4.0,7,5.0
tS47dXDlx9t-6B_F56cKUA,Chipotle Mexican Grill,Santa Barbara,2.0,3,2.0
tSmUxIto8yAqijDgsjLBRQ,South Coast Deli - Santa Barbara,Santa Barbara,4.0,1,4.0
tf6S06LD09IFDHUpOPqPaw,East Beach Tacos,Santa Barbara,4.5,9,4.0
thlyktt2c7v1DyOpSVSibw,Scarlett Begonia,Santa Barbara,4.0,10,4.0
tjIIpbimdbi9Lrb-DoIzKg,Kaiju,Isla Vista,4.0,5,4.0
tm87DWqehpt79ZInFVmv1w,Mesa Burger - Montecito,Montecito,4.0,1,4.0
tthy48ZIX_wfY8Dy0Dvg6w,Bouchon,Santa Barbara,4.5,7,4.0
tyt3pz0x3ZB8GXsSx1a9Aw,Roy,Santa Barbara,4.0,7,5.0
u3uB0GD7cVf5NC-AFHdwnQ,Golden Line Coffee Bar,Santa Barbara,5.0,7,5.0
u9oG6CVhS9dJR5ZHS5q23A,The Little Things Bakery,Santa Barbara,4.5,7,5.0
uFF40n9pOqHK1ciajdoSEw,Tony's Restaurant,Carpinteria,3.0,3,4.0
uGo0TCVNOcDQxMArUU0Jrw,Cajun Kitchen Cafe,Goleta,4.0,10,4.0
uI15YInpDsGBUZcNfm_TfQ,Borrello's Pizza & Pastaria,Carpinteria,4.0,1,4.0
uJc9lKaxLNBZch866x4_pA,Marketplace Cafe,Santa Barbara,4.0,3,4.0
uLRQINpcDXof3b3QowTzfg,Fresco Cafe North,Goleta,3.5,2,3.0
uO39--k_hrCFgZh-Bl8m8A,Taqueria Cuernavaca,Santa Barbara,4.5,9,5.0
uPaVoR6XHk12KT9KTr1WFw,ASIE,Santa Barbara,3.0,3,3.0
uQSCNdPI0dC_sPsOh1U8NQ,McDonald's,Santa Barbara,2.0,3,2.0
uQcKo8m34OULhySxwRaOAg,Nicoletti's Cafe,Isla Vista,3.5,3,4.0
uRz7uwSoU5n0uzBac_UcxQ,Dish Cafe,Goleta,4.0,2,3.0
uXxrl2LRH2mB1uw0GJF4GA,Indo-China Market,Goleta,3.5,3,4.0
uZYBF0YTU_iKq4_L_PDtMQ,Zaytoon,Santa Barbara,4.0,7,5.0
ugkzb_3jAcK0RZLxIeK7gA,Asian Cafe,Goleta,4.0,5,4.0
uozdxwCZUHPubziu76Y2Ag,Farmer Boy,Santa Barbara,2.5,3,3.0
upxQiiUF-6NM9jOJCxS_hg,Hennings Cake Boutique,Santa Barbara,4.0,7,5.0
uqsJ4HJWaPuQMc55ahwiDA,Paloma Restaurant & Tequila Bar,Goleta,4.0,9,4.0
uriD7RFuHhLJeDdKaf0nFA,Pizza Guru,Santa Barbara,4.0,1,4.0
ut45DX7-QaOWLzYRlBSbGA,Blue Agave,Santa Barbara,3.5,7,4.0
uvb3NcpqBEaCrrcyfNF-wA,Starbucks,Carpinteria,2.5,3,3.0
v1Uesklh8DpEufYOhTq4iA,Mar Monte Hotel - Hyatt,Santa Barbara,2.5,8,3.0
v4AMcIZ--hXZuJIg3luUgg,Tamira,Santa Barbara,4.5,5,4.0
v5M6gYtiaGG5zuvAVSxNTA,Pizza by the Slice,Santa Barbara,2.5,3,3.0
v5jxpGnKbx3vVxs28dgokQ,Saigon Vietnamese Restaurant,Santa Barbara,3.0,5,3.0
v7dKKlpLH36GQTIX5qIReQ,Phoevermore,Carpinteria,4.0,5,4.0
vC2qm1y3Au5czBtbhc-DNw,Sushi Teri,Carpinteria,3.0,5,4.0
vDBfhX1XI4uRWBCQQNRsUg,TAP Thai Cuisine,Santa Barbara,4.0,5,4.0
vDYkWElzs38G4vzgLqwX-A,Jimmy John's,Isla Vista,3.5,1,4.0
vLT1KtrA9bWvjFOg-0xVIg,Pieology Pizzeria,Goleta,3.5,3,4.0
vNRTLUP22o1X3sMURoiB9A,Taqueria Rincon Alteno,Carpinteria,4.0,9,4.0
vTXNVK73GOvVb3js4w8SLg,Domino's Pizza,Santa Barbara,2.5,3,2.0
vZG0BDPGDJxMGiXcGoVU6w,SB Munchiez,Santa Barbara,4.0,3,4.0
v_8DrVtUIHE0o62Ps926Yg,Wecook,Goleta,3.0,3,3.0
vhWlxyLEWAbNOMtQ42yzFg,Norton's Pastrami & Deli,Santa Barbara,4.5,1,4.0
vi5xjfEhV6rnXrC_GbdhnA,El Rincon Bohemio,Santa Barbara,3.5,9,4.0
vj6AetpADpHOYtMRZsXX3g,Los Agaves,Santa Barbara,4.0,9,4.0
vmq2cm0Ayol4toVsL4dZfA,Blenders In the Grass,Isla Vista,4.5,1,4.0
vsrryxBR2Jykl71qa1H6SQ,Caffe Primo,Santa Barbara,4.0,3,4.0
vyNMRa4U9gnrCzqR707GZA,Back Door Deli,Santa Barbara,4.0,3,3.0
vyOVT4bcW227LRwJGHTeSw,Buena Onda,Santa Barbara,5.0,1,5.0
vyxxsn2l6ELF2Yoxr6BWcw,Westmont Dining Commons,Santa Barbara,3.0,1,4.0
vyyr3G874jpRYSQo2KPZow,Cristino's Bakery,Goleta,5.0,10,4.0
w1l5vu31SJgPLTp6nlLWEg,Le Petit Bistro,Santa Barbara,2.0,3,2.0
w4P_EBFH6MdfbUwM-xJQdQ,China City Restaurant,Goleta,3.5,5,3.0
w79qtK0PpeDWrnY7E-uTRg,Taco Bell,Santa Barbara,3.5,9,3.0
w8fA94jzTNiGAIZz87y9Cw,Baja Fresh,Goleta,3.0,9,4.0
wEWy_NbtwcgNY2dKEmnACA,Rocks,Santa Barbara,2.5,3,3.0
wFES5bGDiPANW13hNHnXOQ,Sakana Sushi Bar & Japanese,Santa Barbara,4.0,5,4.0
wFNDV56dxETK8lpJKdCbCQ,Chino's Rock & Tacos,Isla Vista,3.0,9,4.0
wJiaLWAxfqDeFsmE2cI8tg,Lazy Acres Market - Santa Barbara,Santa Barbara,3.5,3,3.0
wK2IixmZUOEFGz1QZqR99Q,Lovejoy's Pickle Room,Santa Barbara,4.0,6,4.0
wKOD2ZWMpiJcdSswRXVuRA,L&L Hawaiian Barbeque,Goleta,3.5,2,3.0
wMZAnrfwV-qHiV5zdTSrzw,The Creekside Restaurant & Bar,Santa Barbara,4.0,6,4.0
wO4IO1uTN65jkYdaBJCL8A,Rusty's Pizza Parlors,Santa Barbara,3.0,1,4.0
wUHUyTrOpUcTVTQpyZFo8w,McDonald's,Santa Barbara,2.0,3,2.0
wX4ap0Qy5ZK6Hy2iKvBqXA,"The Pasta Shoppe, LLC",Santa Barbara,4.0,7,4.0
wb9P0ipW4ysbgNA9jIl3bg,The Nugget,Summerland,4.0,6,4.0
wfjqxgLSsLtyzswzQBziSw,Panino,Santa Barbara,4.0,1,4.0
wrtx446YNQoQa5U7UI6j5w,Chad’s,Santa Barbara,3.5,2,4.0
ws0mjFrkanX_sXoUVRh8Uw,Jitters Coffee,Santa Barbara,3.5,10,4.0
wupvqueqdEZXQxv14sa9vw,Rincon Brewery,Carpinteria,4.0,6,4.0
wvD7TOuE-qUhkyXoi8K8hA,Taqueria El Bajio,Santa Barbara,4.0,9,4.0
wxsOj_q1XOye3ug45Hh5nQ,Jungle George Grill,Goleta,3.5,1,4.0
x1YPj22nR3b0S_fDVWTGZw,Vons Chicken,Isla Vista,4.0,2,3.0
x2_m8MqR9zEiKCiQqAcadw,PokiRito,Goleta,4.0,5,3.0
x2ly0NsSTMmMpljpdIZdYA,Cadiz Restaurant & Bar,Santa Barbara,4.5,7,5.0
x3D4pyClaewoT1H2Jzcmjg,Kyle's Protein Grill,Goleta,4.0,1,4.0
xCbzGlxwX6QrS9t9uRcflQ,Piano Riviera Lounge,Santa Barbara,3.5,3,4.0
xGaYXbXGwagUKPNEaVqbWw,Eller's Doughnut House & Bakery,Santa Barbara,3.0,3,4.0
xRapA2lG7mjJ6eOqHmxe-A,Blackbird,Santa Barbara,4.0,7,5.0
xUd0QOyVzx9SQhWulcOPAw,Book Ends Cafe,Santa Barbara,5.0,1,4.0
xUkr5K9vgjzvLCZBYFZ3Vg,Si Senor Taco's,Santa Barbara,4.5,9,4.0
xVtO6a4dqKQQzMXkSPL80A,Presidio Market,Santa Barbara,4.0,9,3.0
xWJjVW8-XqswB-5VugAr7w,Luigi's Pizza & Pasta,Goleta,3.0,3,4.0
xdEND5C5s4FqCqgf0p7EBg,Carl's Jr,Goleta,3.0,1,4.0
xkS_mRHVHuX0ko6kVIyBdA,Masala Spice Indian Cuisine,Goleta,4.0,5,4.0
xkYNvZlraS1JGleICGhE1w,Kyle's Kitchen,Goleta,3.5,1,4.0
xv_nZ8E7DFiKDjFi9syKsQ,El Pollo Loco,Santa Barbara,2.5,3,3.0
xwSWtJcQkzTF6HNm_IMgcg,Rusty's Pizza Parlor,Goleta,2.5,3,3.0
y1ZPi7c6sSkWdE1p2vUo-Q,PizzaRev,Santa Barbara,4.0,1,4.0
y4x_wAQvUxvTR8iV-JP4Jg,On The Alley,Santa Barbara,4.0,8,4.0
y8RbDyDJd-zGcgThqIZWDg,Zizzo's Brew Pub,Goleta,4.0,3,4.0
yE8r8JXplgnr4XxRivkdLw,Chef Karim's Restaurant,Santa Barbara,4.0,7,4.0
yEmEDomLUofVtbZoUeFV5g,The Daily Grind Coffee & Tea Station,Santa Barbara,4.0,10,4.0
yHtS6dj20tl3ht32w6K6Qw,Stateside Restaurant & Lounge,Santa Barbara,2.5,3,3.0
yIAgFdYQY3UdfDn-qO0K7g,Arts & Letters Cafe,Santa Barbara,4.5,7,5.0
yL1yC5OOawjSamAb9Wjm5A,Lemon & Coriander,Goleta,5.0,10,4.0
yM7eA2uuH3Ch7OYVj3PKSw,Wabi Sabi,Santa Barbara,4.5,5,4.0
yPSejq3_erxo9zdVYTBnZA,Los Agaves,Santa Barbara,4.5,9,5.0
y_s6hHqKycP4L_pV0JlLjg,Haggen Food & Pharmacy,Carpinteria,1.5,3,2.0
ycbmvmBYk4w_ZmdrPL0tBQ,The Cruisery,Santa Barbara,4.0,6,5.0
ygZyTUWS4dbVL8d6vAiN4A,Taqueria Rincon Alteno,Santa Barbara,4.0,9,4.0
yghgUguk26YykduF52CDdg,Chamomile Cafe & Bakery,Carpinteria,3.0,3,3.0
yuHv4P8RUG8rWKnx50azWA,Alchemy Cafe,Santa Barbara,3.0,2,4.0
yw3vRR7XLIjEnlhMnVzR7w,Kai Sushi Shabu-Shabu,Santa Barbara,2.5,5,3.0
ywXa1pDqHPe9tOPx0yJFUg,Otaco,Goleta,3.0,9,3.0
yy6suHtRjIg3RwsNt5vstA,Sandpiper Golf Club,Goleta,3.5,8,4.0
z-9_8ot2TnKL9DX4k3MYMQ,Palazzio,Santa Barbara,3.0,2,3.0
z-O652VzhRqME3ev9LqH2Q,McMaster's Steak & Hoagie,Isla Vista,4.5,1,4.0
z31te0YMSegTdktp3qYqGw,Empress Palace,Santa Barbara,3.0,3,3.0
z5N7vgaNSBpjKT_gbY53sw,Spudnuts Donuts,Goleta,3.5,10,4.0
z6I4QVP1M1HXETgwD92XHg,Olio E Limone Ristorante,Santa Barbara,4.0,7,4.0
z9-8KvMAlVK46De-G3sNJQ,Blenders In The Grass,Santa Barbara,4.0,2,4.0
zE8kXF0_2Twh4AhcewlFGw,Tsukemono,Santa Barbara,4.0,3,4.0
zJpZ-uQ_F0XVgK1u98uWSg,Gloria's Gourmet Kitchen,Santa Barbara,4.5,9,4.0
zV71Cfo4_jnkpr5_KH2HWw,The Zia Cafe,Santa Barbara,3.0,3,4.0
zVwnTKz7JIOoN-MbbQMzYA,Eat This Shoot That!,Santa Barbara,5.0,7,5.0
zVxDd79gdZcfz-O14QBCrA,Snack Shack,Santa Barbara,3.5,1,4.0
zWwGjQlUEiLS7hCXDkBGzg,Greek House Cafe,Santa Barbara,4.0,1,4.0
zYTQOpgMSMaFNkcCAvJR3Q,Arturo's Taqueria,Santa Barbara,3.5,9,4.0
zZrDoiQIUmiVkifJx0h_KA,Old Town Coffee Downtown,Santa Barbara,4.5,10,4.0
zbrIMldF_O1ZQ0vpUaaa8A,Bluewater Grill - Santa Barbara,Santa Barbara,4.0,7,4.0
zeAfmYy9b1gfUJLRBHm6vQ,Presto Pasta,Santa Barbara,4.0,2,3.0
ziXR7sUrbKRCNeDqfjibUg,Rudy's Restaurant No 1,Santa Barbara,4.0,9,4.0
zpuFEeAhrNzXPkOlBf5Kog,Outback Steakhouse,Goleta,3.0,3,3.0
zu4p6IZLSVn2Noto-vcwzw,East Beach Grill,Santa Barbara,3.5,10,3.0
zxW8zECvT_SqejieMMjb5A,Chilango's Mexican Restaurant,Santa Barbara,3.5,9,4.0
